CMS Certification Number (CCN),Provider Name,Provider Address,City/Town,State,ZIP Code,Survey Date,Survey Type,Deficiency Prefix,Deficiency Category,Deficiency Tag Number,Deficiency Description,Scope Severity Code,Deficiency Corrected,Correction Date,Inspection Cycle,Standard Deficiency,Complaint Deficiency,Infection Control Inspection Deficiency,Citation under IDR,Citation under IIDR,Location,Processing Date
275012,BENEFIS SENIOR SERVICES - EASTVIEW,2621 15TH AVE S,GREAT FALLS,MT,59405,2025-12-16,Health,F,Resident Rights Deficiencies,0561,Honor the resident's right to and the facility must promote and facilitate resident self-determination through support of resident choice.,D,"Deficient, Provider has date of correction",2025-12-30,1,N,Y,N,N,N,"2621 15TH AVE S,GREAT FALLS,MT,59405",2026-08-01
275012,BENEFIS SENIOR SERVICES - EASTVIEW,2621 15TH AVE S,GREAT FALLS,MT,59405,2025-12-16,Health,F,"Freedom from Abuse, Neglect, and Exploitation Deficiencies",0600,"Protect each resident from all types of abuse such as physical, mental, sexual abuse, physical punishment, and neglect by anybody.",D,Past Non-Compliance,2025-11-19,1,N,Y,N,N,N,"2621 15TH AVE S,GREAT FALLS,MT,59405",2026-08-01
275012,BENEFIS SENIOR SERVICES - EASTVIEW,2621 15TH AVE S,GREAT FALLS,MT,59405,2025-10-23,Health,F,"Freedom from Abuse, Neglect, and Exploitation Deficiencies",0600,"Protect each resident from all types of abuse such as physical, mental, sexual abuse, physical punishment, and neglect by anybody.",G,"Deficient, Provider has date of correction",2025-11-14,1,N,Y,N,N,N,"2621 15TH AVE S,GREAT FALLS,MT,59405",2026-08-01
275012,BENEFIS SENIOR SERVICES - EASTVIEW,2621 15TH AVE S,GREAT FALLS,MT,59405,2025-10-23,Health,F,"Freedom from Abuse, Neglect, and Exploitation Deficiencies",0610,Respond appropriately to all alleged violations.,D,"Deficient, Provider has date of correction",2025-11-14,1,N,Y,N,N,N,"2621 15TH AVE S,GREAT FALLS,MT,59405",2026-08-01
275012,BENEFIS SENIOR SERVICES - EASTVIEW,2621 15TH AVE S,GREAT FALLS,MT,59405,2025-10-23,Health,F,Quality of Life and Care Deficiencies,0684,"Provide appropriate treatment and care according to orders, resident’s preferences and goals.",D,"Deficient, Provider has date of correction",2025-11-14,1,N,Y,N,N,N,"2621 15TH AVE S,GREAT FALLS,MT,59405",2026-08-01
275012,BENEFIS SENIOR SERVICES - EASTVIEW,2621 15TH AVE S,GREAT FALLS,MT,59405,2025-10-23,Health,F,Quality of Life and Care Deficiencies,0744,Provide the appropriate treatment and services to a resident who displays or is diagnosed with dementia.,D,"Deficient, Provider has date of correction",2025-11-14,1,N,Y,N,N,N,"2621 15TH AVE S,GREAT FALLS,MT,59405",2026-08-01
275012,BENEFIS SENIOR SERVICES - EASTVIEW,2621 15TH AVE S,GREAT FALLS,MT,59405,2025-06-19,Health,F,Infection Control Deficiencies,0880,Provide and implement an infection prevention and control program.,F,"Deficient, Provider has date of correction",2025-07-04,1,Y,N,N,N,N,"2621 15TH AVE S,GREAT FALLS,MT,59405",2026-08-01
275012,BENEFIS SENIOR SERVICES - EASTVIEW,2621 15TH AVE S,GREAT FALLS,MT,59405,2025-06-19,Health,F,Resident Assessment and Care Planning Deficiencies,0657,"Develop the complete care plan within 7 days of the comprehensive assessment; and prepared, reviewed, and revised by a team of health professionals.",E,"Deficient, Provider has date of correction",2025-07-04,1,Y,N,N,N,N,"2621 15TH AVE S,GREAT FALLS,MT,59405",2026-08-01
275012,BENEFIS SENIOR SERVICES - EASTVIEW,2621 15TH AVE S,GREAT FALLS,MT,59405,2025-06-19,Health,F,Quality of Life and Care Deficiencies,0679,Provide activities to meet all resident's needs.,E,"Deficient, Provider has date of correction",2025-07-04,1,Y,N,N,N,N,"2621 15TH AVE S,GREAT FALLS,MT,59405",2026-08-01
275012,BENEFIS SENIOR SERVICES - EASTVIEW,2621 15TH AVE S,GREAT FALLS,MT,59405,2025-06-19,Health,F,Quality of Life and Care Deficiencies,0692,Provide enough food/fluids to maintain a resident's health.,E,"Deficient, Provider has date of correction",2025-07-04,1,Y,N,N,N,N,"2621 15TH AVE S,GREAT FALLS,MT,59405",2026-08-01
275012,BENEFIS SENIOR SERVICES - EASTVIEW,2621 15TH AVE S,GREAT FALLS,MT,59405,2025-06-19,Health,F,Environmental Deficiencies,0919,Make sure that a working call system is available in each resident's  bathroom and bathing area.,E,"Deficient, Provider has date of correction",2025-07-04,1,Y,N,N,N,N,"2621 15TH AVE S,GREAT FALLS,MT,59405",2026-08-01
275012,BENEFIS SENIOR SERVICES - EASTVIEW,2621 15TH AVE S,GREAT FALLS,MT,59405,2025-06-19,Health,F,Resident Rights Deficiencies,0578,"Honor the resident's right to request, refuse, and/or discontinue treatment, to participate in or refuse to participate in experimental research, and to formulate an advance directive.",D,"Deficient, Provider has date of correction",2025-07-04,1,Y,N,N,N,N,"2621 15TH AVE S,GREAT FALLS,MT,59405",2026-08-01
275012,BENEFIS SENIOR SERVICES - EASTVIEW,2621 15TH AVE S,GREAT FALLS,MT,59405,2025-06-19,Health,F,Resident Rights Deficiencies,0584,"Honor the resident's right to a safe, clean, comfortable and homelike environment, including but not limited to receiving treatment and supports for daily living safely.",D,"Deficient, Provider has date of correction",2025-07-04,1,Y,N,N,N,N,"2621 15TH AVE S,GREAT FALLS,MT,59405",2026-08-01
275012,BENEFIS SENIOR SERVICES - EASTVIEW,2621 15TH AVE S,GREAT FALLS,MT,59405,2025-06-19,Health,F,Resident Assessment and Care Planning Deficiencies,0655,Create and put into place a plan for meeting the resident's most immediate needs within 48 hours of being admitted,D,"Deficient, Provider has date of correction",2025-07-04,1,Y,N,N,N,N,"2621 15TH AVE S,GREAT FALLS,MT,59405",2026-08-01
275012,BENEFIS SENIOR SERVICES - EASTVIEW,2621 15TH AVE S,GREAT FALLS,MT,59405,2025-06-19,Health,F,Resident Assessment and Care Planning Deficiencies,0656,"Develop and implement a complete care plan that meets all the resident's needs, with timetables and actions that can be measured.",D,"Deficient, Provider has date of correction",2025-07-04,1,Y,N,N,N,N,"2621 15TH AVE S,GREAT FALLS,MT,59405",2026-08-01
275012,BENEFIS SENIOR SERVICES - EASTVIEW,2621 15TH AVE S,GREAT FALLS,MT,59405,2025-06-19,Health,F,Quality of Life and Care Deficiencies,0689,Ensure that a nursing home area is free from accident hazards and provides adequate supervision to prevent accidents.,D,"Deficient, Provider has date of correction",2025-07-04,1,Y,N,N,N,N,"2621 15TH AVE S,GREAT FALLS,MT,59405",2026-08-01
275012,BENEFIS SENIOR SERVICES - EASTVIEW,2621 15TH AVE S,GREAT FALLS,MT,59405,2025-06-19,Health,F,Quality of Life and Care Deficiencies,0740,Ensure each resident must receive and the facility must provide necessary behavioral health care and services.,D,"Deficient, Provider has date of correction",2025-07-04,1,Y,N,N,N,N,"2621 15TH AVE S,GREAT FALLS,MT,59405",2026-08-01
275012,BENEFIS SENIOR SERVICES - EASTVIEW,2621 15TH AVE S,GREAT FALLS,MT,59405,2025-06-19,Health,F,Quality of Life and Care Deficiencies,0742,"Provide the appropriate treatment and services to a resident who displays or is diagnosed with mental disorder or psychosocial adjustment difficulty, or who has a history of trauma and/or post-traumatic stress disorder.",D,"Deficient, Provider has date of correction",2025-07-04,1,Y,N,N,N,N,"2621 15TH AVE S,GREAT FALLS,MT,59405",2026-08-01
275012,BENEFIS SENIOR SERVICES - EASTVIEW,2621 15TH AVE S,GREAT FALLS,MT,59405,2024-12-31,Health,F,Nursing and Physician Services Deficiencies,0725,Provide enough nursing staff every day to meet the needs of every resident; and have a licensed nurse in charge on each shift.,F,"Deficient, Provider has date of correction",2025-01-21,2,N,Y,N,N,N,"2621 15TH AVE S,GREAT FALLS,MT,59405",2026-08-01
275012,BENEFIS SENIOR SERVICES - EASTVIEW,2621 15TH AVE S,GREAT FALLS,MT,59405,2024-12-31,Health,F,Quality of Life and Care Deficiencies,0677,Provide care and assistance to perform activities of daily living for any resident who is unable.,E,"Deficient, Provider has date of correction",2025-01-21,2,N,Y,N,N,N,"2621 15TH AVE S,GREAT FALLS,MT,59405",2026-08-01
275012,BENEFIS SENIOR SERVICES - EASTVIEW,2621 15TH AVE S,GREAT FALLS,MT,59405,2024-10-09,Health,F,Quality of Life and Care Deficiencies,0744,Provide the appropriate treatment and services to a resident who displays or is diagnosed with dementia.,E,"Deficient, Provider has date of correction",2024-10-30,2,N,Y,N,N,N,"2621 15TH AVE S,GREAT FALLS,MT,59405",2026-08-01
275012,BENEFIS SENIOR SERVICES - EASTVIEW,2621 15TH AVE S,GREAT FALLS,MT,59405,2024-10-09,Health,F,Quality of Life and Care Deficiencies,0740,Ensure each resident must receive and the facility must provide necessary behavioral health care and services.,D,"Deficient, Provider has date of correction",2024-10-30,2,N,Y,N,N,N,"2621 15TH AVE S,GREAT FALLS,MT,59405",2026-08-01
275012,BENEFIS SENIOR SERVICES - EASTVIEW,2621 15TH AVE S,GREAT FALLS,MT,59405,2024-01-29,Health,F,Quality of Life and Care Deficiencies,0677,Provide care and assistance to perform activities of daily living for any resident who is unable.,D,"Deficient, Provider has date of correction",2024-02-21,3,N,Y,N,N,N,"2621 15TH AVE S,GREAT FALLS,MT,59405",2026-08-01
275012,BENEFIS SENIOR SERVICES - EASTVIEW,2621 15TH AVE S,GREAT FALLS,MT,59405,2023-05-23,Health,F,Quality of Life and Care Deficiencies,0684,"Provide appropriate treatment and care according to orders, resident’s preferences and goals.",G,"Deficient, Provider has date of correction",2023-06-14,3,Y,N,N,N,N,"2621 15TH AVE S,GREAT FALLS,MT,59405",2026-08-01
275012,BENEFIS SENIOR SERVICES - EASTVIEW,2621 15TH AVE S,GREAT FALLS,MT,59405,2023-05-23,Health,F,Quality of Life and Care Deficiencies,0692,Provide enough food/fluids to maintain a resident's health.,G,"Deficient, Provider has date of correction",2023-06-14,3,Y,N,N,N,N,"2621 15TH AVE S,GREAT FALLS,MT,59405",2026-08-01
275012,BENEFIS SENIOR SERVICES - EASTVIEW,2621 15TH AVE S,GREAT FALLS,MT,59405,2023-05-23,Health,F,Resident Assessment and Care Planning Deficiencies,0656,"Develop and implement a complete care plan that meets all the resident's needs, with timetables and actions that can be measured.",E,"Deficient, Provider has date of correction",2023-06-14,3,Y,N,N,N,N,"2621 15TH AVE S,GREAT FALLS,MT,59405",2026-08-01
275012,BENEFIS SENIOR SERVICES - EASTVIEW,2621 15TH AVE S,GREAT FALLS,MT,59405,2023-05-23,Health,F,Quality of Life and Care Deficiencies,0695,Provide safe and appropriate respiratory care for a resident when needed.,E,"Deficient, Provider has date of correction",2023-06-14,3,Y,N,N,N,N,"2621 15TH AVE S,GREAT FALLS,MT,59405",2026-08-01
275012,BENEFIS SENIOR SERVICES - EASTVIEW,2621 15TH AVE S,GREAT FALLS,MT,59405,2023-05-23,Health,F,Infection Control Deficiencies,0880,Provide and implement an infection prevention and control program.,E,"Deficient, Provider has date of correction",2023-06-14,3,Y,N,N,N,N,"2621 15TH AVE S,GREAT FALLS,MT,59405",2026-08-01
275012,BENEFIS SENIOR SERVICES - EASTVIEW,2621 15TH AVE S,GREAT FALLS,MT,59405,2023-05-23,Health,F,"Freedom from Abuse, Neglect, and Exploitation Deficiencies",0600,"Protect each resident from all types of abuse such as physical, mental, sexual abuse, physical punishment, and neglect by anybody.",D,"Deficient, Provider has date of correction",2023-06-14,3,Y,N,N,N,N,"2621 15TH AVE S,GREAT FALLS,MT,59405",2026-08-01
275012,BENEFIS SENIOR SERVICES - EASTVIEW,2621 15TH AVE S,GREAT FALLS,MT,59405,2023-05-23,Health,F,"Freedom from Abuse, Neglect, and Exploitation Deficiencies",0610,Respond appropriately to all alleged violations.,D,"Deficient, Provider has date of correction",2023-06-14,3,Y,N,N,N,N,"2621 15TH AVE S,GREAT FALLS,MT,59405",2026-08-01
275012,BENEFIS SENIOR SERVICES - EASTVIEW,2621 15TH AVE S,GREAT FALLS,MT,59405,2023-05-23,Health,F,Quality of Life and Care Deficiencies,0677,Provide care and assistance to perform activities of daily living for any resident who is unable.,D,"Deficient, Provider has date of correction",2023-06-14,3,Y,N,N,N,N,"2621 15TH AVE S,GREAT FALLS,MT,59405",2026-08-01
275012,BENEFIS SENIOR SERVICES - EASTVIEW,2621 15TH AVE S,GREAT FALLS,MT,59405,2023-05-23,Health,F,Quality of Life and Care Deficiencies,0686,Provide appropriate pressure ulcer care and prevent new ulcers from developing.,D,"Deficient, Provider has date of correction",2023-06-14,3,Y,N,N,N,N,"2621 15TH AVE S,GREAT FALLS,MT,59405",2026-08-01
275012,BENEFIS SENIOR SERVICES - EASTVIEW,2621 15TH AVE S,GREAT FALLS,MT,59405,2023-05-23,Health,F,Quality of Life and Care Deficiencies,0689,Ensure that a nursing home area is free from accident hazards and provides adequate supervision to prevent accidents.,D,"Deficient, Provider has date of correction",2023-06-14,3,Y,N,N,N,N,"2621 15TH AVE S,GREAT FALLS,MT,59405",2026-08-01
275012,BENEFIS SENIOR SERVICES - EASTVIEW,2621 15TH AVE S,GREAT FALLS,MT,59405,2023-05-23,Health,F,Quality of Life and Care Deficiencies,0741,Ensure that the facility has sufficient staff members who possess the  competencies and skills to meet the behavioral health needs of residents.,D,"Deficient, Provider has date of correction",2023-06-14,3,Y,N,N,N,N,"2621 15TH AVE S,GREAT FALLS,MT,59405",2026-08-01
275012,BENEFIS SENIOR SERVICES - EASTVIEW,2621 15TH AVE S,GREAT FALLS,MT,59405,2023-05-23,Health,F,Quality of Life and Care Deficiencies,0744,Provide the appropriate treatment and services to a resident who displays or is diagnosed with dementia.,D,"Deficient, Provider has date of correction",2023-06-14,3,Y,N,N,N,N,"2621 15TH AVE S,GREAT FALLS,MT,59405",2026-08-01
275012,BENEFIS SENIOR SERVICES - EASTVIEW,2621 15TH AVE S,GREAT FALLS,MT,59405,2023-05-23,Health,F,Pharmacy Service Deficiencies,0756,"Ensure a licensed pharmacist perform a monthly drug regimen review, including the medical chart, following irregularity reporting guidelines in developed policies and procedures.",D,"Deficient, Provider has date of correction",2023-06-14,3,Y,N,N,N,N,"2621 15TH AVE S,GREAT FALLS,MT,59405",2026-08-01
275012,BENEFIS SENIOR SERVICES - EASTVIEW,2621 15TH AVE S,GREAT FALLS,MT,59405,2023-05-23,Health,F,Pharmacy Service Deficiencies,0758,"Implement gradual dose reductions(GDR) and non-pharmacological interventions, unless contraindicated, prior to initiating or instead of continuing psychotropic medication; and PRN orders for psychotropic medications are only used when the medication is necessary and PRN use is limited.",D,"Deficient, Provider has date of correction",2023-06-14,3,Y,N,N,N,N,"2621 15TH AVE S,GREAT FALLS,MT,59405",2026-08-01
275012,BENEFIS SENIOR SERVICES - EASTVIEW,2621 15TH AVE S,GREAT FALLS,MT,59405,2023-05-23,Health,F,Administration Deficiencies,0849,Arrange for the provision of hospice services or assist the resident in transferring to a facility that will arrange for the provision of hospice services.,D,"Deficient, Provider has date of correction",2023-06-14,3,Y,N,N,N,N,"2621 15TH AVE S,GREAT FALLS,MT,59405",2026-08-01
275012,BENEFIS SENIOR SERVICES - EASTVIEW,2621 15TH AVE S,GREAT FALLS,MT,59405,2023-05-23,Health,F,Resident Rights Deficiencies,0585,Honor the resident's right to voice grievances without discrimination or reprisal and the facility must establish a grievance policy and make prompt efforts to resolve grievances.,C,"Deficient, Provider has date of correction",2023-06-14,3,Y,N,N,N,N,"2621 15TH AVE S,GREAT FALLS,MT,59405",2026-08-01
275012,BENEFIS SENIOR SERVICES - EASTVIEW,2621 15TH AVE S,GREAT FALLS,MT,59405,2023-05-23,Health,F,Nursing and Physician Services Deficiencies,0732,Post nurse staffing information every day.,C,"Deficient, Provider has date of correction",2023-06-14,3,Y,N,N,N,N,"2621 15TH AVE S,GREAT FALLS,MT,59405",2026-08-01
275020,SKYLINE HEIGHTS NURSING AND REHABILITATION,1807 24TH ST W,BILLINGS,MT,59102,2026-04-23,Health,F,Pharmacy Service Deficiencies,0757,Ensure each resident’s drug regimen must be free from unnecessary drugs.,D,"Deficient, Provider has date of correction",2026-05-15,1,N,Y,N,N,N,"1807 24TH ST W,BILLINGS,MT,59102",2026-08-01
275020,SKYLINE HEIGHTS NURSING AND REHABILITATION,1807 24TH ST W,BILLINGS,MT,59102,2026-03-12,Health,F,Nutrition and Dietary Deficiencies,0801,"Employ sufficient staff with the appropriate competencies and skills sets to carry out the functions of the food and nutrition service, including a qualified dietician.",F,"Deficient, Provider has date of correction",2026-05-14,1,Y,N,N,N,N,"1807 24TH ST W,BILLINGS,MT,59102",2026-08-01
275020,SKYLINE HEIGHTS NURSING AND REHABILITATION,1807 24TH ST W,BILLINGS,MT,59102,2026-03-12,Health,F,Nutrition and Dietary Deficiencies,0812,"Procure food from sources approved or considered satisfactory and store, prepare, distribute and serve food in accordance with professional standards.",F,"Deficient, Provider has date of correction",2026-04-03,1,Y,N,N,N,N,"1807 24TH ST W,BILLINGS,MT,59102",2026-08-01
275020,SKYLINE HEIGHTS NURSING AND REHABILITATION,1807 24TH ST W,BILLINGS,MT,59102,2026-03-12,Health,F,Infection Control Deficiencies,0880,Provide and implement an infection prevention and control program.,F,"Deficient, Provider has date of correction",2026-04-03,1,Y,N,N,N,N,"1807 24TH ST W,BILLINGS,MT,59102",2026-08-01
275020,SKYLINE HEIGHTS NURSING AND REHABILITATION,1807 24TH ST W,BILLINGS,MT,59102,2026-03-12,Health,F,Quality of Life and Care Deficiencies,0684,"Provide appropriate treatment and care according to orders, resident’s preferences and goals.",E,"Deficient, Provider has date of correction",2026-04-03,1,Y,Y,N,N,N,"1807 24TH ST W,BILLINGS,MT,59102",2026-08-01
275020,SKYLINE HEIGHTS NURSING AND REHABILITATION,1807 24TH ST W,BILLINGS,MT,59102,2026-03-12,Health,F,Pharmacy Service Deficiencies,0761,"Ensure drugs and biologicals used in the facility are labeled in accordance with currently accepted professional principles; and all drugs and biologicals must be stored in locked compartments, separately locked, compartments for controlled drugs.",E,"Deficient, Provider has date of correction",2026-04-03,1,Y,N,N,N,N,"1807 24TH ST W,BILLINGS,MT,59102",2026-08-01
275020,SKYLINE HEIGHTS NURSING AND REHABILITATION,1807 24TH ST W,BILLINGS,MT,59102,2026-03-12,Health,F,"Freedom from Abuse, Neglect, and Exploitation Deficiencies",0605,Prevent the use of unnecessary psychotropic medications or use medications that may restrain a resident's ability to function.,D,"Deficient, Provider has date of correction",2026-04-03,1,Y,N,N,N,N,"1807 24TH ST W,BILLINGS,MT,59102",2026-08-01
275020,SKYLINE HEIGHTS NURSING AND REHABILITATION,1807 24TH ST W,BILLINGS,MT,59102,2026-03-12,Health,F,Resident Assessment and Care Planning Deficiencies,0657,"Develop the complete care plan within 7 days of the comprehensive assessment; and prepared, reviewed, and revised by a team of health professionals.",D,"Deficient, Provider has date of correction",2026-04-02,1,Y,N,N,N,N,"1807 24TH ST W,BILLINGS,MT,59102",2026-08-01
275020,SKYLINE HEIGHTS NURSING AND REHABILITATION,1807 24TH ST W,BILLINGS,MT,59102,2026-03-12,Health,F,Nursing and Physician Services Deficiencies,0732,Post nurse staffing information every day.,B,"Deficient, Provider has date of correction",2026-04-03,1,Y,N,N,N,N,"1807 24TH ST W,BILLINGS,MT,59102",2026-08-01
275020,SKYLINE HEIGHTS NURSING AND REHABILITATION,1807 24TH ST W,BILLINGS,MT,59102,2025-12-31,Health,F,Resident Rights Deficiencies,0552,"Ensure that residents are fully informed and understand their health status, care and treatments.",D,"Deficient, Provider has date of correction",2026-01-20,1,N,Y,N,N,N,"1807 24TH ST W,BILLINGS,MT,59102",2026-08-01
275020,SKYLINE HEIGHTS NURSING AND REHABILITATION,1807 24TH ST W,BILLINGS,MT,59102,2025-12-31,Health,F,"Freedom from Abuse, Neglect, and Exploitation Deficiencies",0609,"Timely report suspected abuse, neglect, or theft and report the results of the investigation to proper authorities.",D,"Deficient, Provider has date of correction",2026-01-20,1,N,Y,N,N,N,"1807 24TH ST W,BILLINGS,MT,59102",2026-08-01
275020,SKYLINE HEIGHTS NURSING AND REHABILITATION,1807 24TH ST W,BILLINGS,MT,59102,2025-12-31,Health,F,Resident Assessment and Care Planning Deficiencies,0657,"Develop the complete care plan within 7 days of the comprehensive assessment; and prepared, reviewed, and revised by a team of health professionals.",D,"Deficient, Provider has date of correction",2026-01-20,1,N,Y,N,N,N,"1807 24TH ST W,BILLINGS,MT,59102",2026-08-01
275020,SKYLINE HEIGHTS NURSING AND REHABILITATION,1807 24TH ST W,BILLINGS,MT,59102,2025-11-19,Health,F,Quality of Life and Care Deficiencies,0684,"Provide appropriate treatment and care according to orders, resident’s preferences and goals.",J,"Deficient, Provider has date of correction",2025-11-27,1,N,Y,N,N,N,"1807 24TH ST W,BILLINGS,MT,59102",2026-08-01
275020,SKYLINE HEIGHTS NURSING AND REHABILITATION,1807 24TH ST W,BILLINGS,MT,59102,2025-11-19,Health,F,Resident Assessment and Care Planning Deficiencies,0656,"Develop and implement a complete care plan that meets all the resident's needs, with timetables and actions that can be measured.",G,"Deficient, Provider has date of correction",2025-11-27,1,N,Y,N,N,N,"1807 24TH ST W,BILLINGS,MT,59102",2026-08-01
275020,SKYLINE HEIGHTS NURSING AND REHABILITATION,1807 24TH ST W,BILLINGS,MT,59102,2025-11-19,Health,F,Nursing and Physician Services Deficiencies,0726,Ensure that nurses and nurse aides have the appropriate competencies to care for every resident in a way that maximizes each resident's well being.,G,"Deficient, Provider has date of correction",2025-11-27,1,N,Y,N,N,N,"1807 24TH ST W,BILLINGS,MT,59102",2026-08-01
275020,SKYLINE HEIGHTS NURSING AND REHABILITATION,1807 24TH ST W,BILLINGS,MT,59102,2025-03-27,Health,F,"Freedom from Abuse, Neglect, and Exploitation Deficiencies",0600,"Protect each resident from all types of abuse such as physical, mental, sexual abuse, physical punishment, and neglect by anybody.",G,"Deficient, Provider has date of correction",2025-04-28,2,N,Y,N,N,N,"1807 24TH ST W,BILLINGS,MT,59102",2026-08-01
275020,SKYLINE HEIGHTS NURSING AND REHABILITATION,1807 24TH ST W,BILLINGS,MT,59102,2025-03-27,Health,F,Pharmacy Service Deficiencies,0760,Ensure that residents are free from significant medication errors.,G,"Deficient, Provider has date of correction",2025-04-19,2,N,Y,N,N,N,"1807 24TH ST W,BILLINGS,MT,59102",2026-08-01
275020,SKYLINE HEIGHTS NURSING AND REHABILITATION,1807 24TH ST W,BILLINGS,MT,59102,2025-03-27,Health,F,Pharmacy Service Deficiencies,0755,Provide pharmaceutical services to meet the needs of each resident and employ or obtain the services of a licensed pharmacist.,E,"Deficient, Provider has date of correction",2025-06-25,2,N,Y,N,N,N,"1807 24TH ST W,BILLINGS,MT,59102",2026-08-01
275020,SKYLINE HEIGHTS NURSING AND REHABILITATION,1807 24TH ST W,BILLINGS,MT,59102,2025-03-27,Health,F,Nutrition and Dietary Deficiencies,0803,"Ensure menus must meet the nutritional needs of residents, be prepared in advance, be followed, be updated, be reviewed by dietician, and meet the needs of the resident.",E,"Deficient, Provider has date of correction",2025-04-19,2,N,Y,N,N,N,"1807 24TH ST W,BILLINGS,MT,59102",2026-08-01
275020,SKYLINE HEIGHTS NURSING AND REHABILITATION,1807 24TH ST W,BILLINGS,MT,59102,2025-03-27,Health,F,Nursing and Physician Services Deficiencies,0726,Ensure that nurses and nurse aides have the appropriate competencies to care for every resident in a way that maximizes each resident's well being.,D,"Deficient, Provider has date of correction",2025-04-19,2,N,Y,N,N,N,"1807 24TH ST W,BILLINGS,MT,59102",2026-08-01
275020,SKYLINE HEIGHTS NURSING AND REHABILITATION,1807 24TH ST W,BILLINGS,MT,59102,2025-01-30,Health,F,Quality of Life and Care Deficiencies,0686,Provide appropriate pressure ulcer care and prevent new ulcers from developing.,G,"Deficient, Provider has date of correction",2025-02-21,2,Y,N,N,N,N,"1807 24TH ST W,BILLINGS,MT,59102",2026-08-01
275020,SKYLINE HEIGHTS NURSING AND REHABILITATION,1807 24TH ST W,BILLINGS,MT,59102,2025-01-30,Health,F,Nursing and Physician Services Deficiencies,0725,Provide enough nursing staff every day to meet the needs of every resident; and have a licensed nurse in charge on each shift.,F,"Deficient, Provider has date of correction",2025-02-21,2,Y,N,N,N,N,"1807 24TH ST W,BILLINGS,MT,59102",2026-08-01
275020,SKYLINE HEIGHTS NURSING AND REHABILITATION,1807 24TH ST W,BILLINGS,MT,59102,2025-01-30,Health,F,Pharmacy Service Deficiencies,0761,"Ensure drugs and biologicals used in the facility are labeled in accordance with currently accepted professional principles; and all drugs and biologicals must be stored in locked compartments, separately locked, compartments for controlled drugs.",F,"Deficient, Provider has date of correction",2025-03-25,2,Y,N,N,N,N,"1807 24TH ST W,BILLINGS,MT,59102",2026-08-01
275020,SKYLINE HEIGHTS NURSING AND REHABILITATION,1807 24TH ST W,BILLINGS,MT,59102,2025-01-30,Health,F,Administration Deficiencies,0865,Have a  plan that describes the process for conducting QAPI and QAA activities.,F,"Deficient, Provider has date of correction",2025-06-25,2,Y,N,N,N,N,"1807 24TH ST W,BILLINGS,MT,59102",2026-08-01
275020,SKYLINE HEIGHTS NURSING AND REHABILITATION,1807 24TH ST W,BILLINGS,MT,59102,2025-01-30,Health,F,Resident Assessment and Care Planning Deficiencies,0657,"Develop the complete care plan within 7 days of the comprehensive assessment; and prepared, reviewed, and revised by a team of health professionals.",E,"Deficient, Provider has date of correction",2025-03-25,2,Y,N,N,N,N,"1807 24TH ST W,BILLINGS,MT,59102",2026-08-01
275020,SKYLINE HEIGHTS NURSING AND REHABILITATION,1807 24TH ST W,BILLINGS,MT,59102,2025-01-30,Health,F,Quality of Life and Care Deficiencies,0791,Provide or obtain dental services for each resident.,E,"Deficient, Provider has date of correction",2025-03-27,2,Y,N,N,N,N,"1807 24TH ST W,BILLINGS,MT,59102",2026-08-01
275020,SKYLINE HEIGHTS NURSING AND REHABILITATION,1807 24TH ST W,BILLINGS,MT,59102,2025-01-30,Health,F,Nutrition and Dietary Deficiencies,0804,"Ensure food and drink is palatable, attractive, and at a safe and appetizing temperature.",E,"Deficient, Provider has date of correction",2025-06-25,2,Y,N,N,N,N,"1807 24TH ST W,BILLINGS,MT,59102",2026-08-01
275020,SKYLINE HEIGHTS NURSING AND REHABILITATION,1807 24TH ST W,BILLINGS,MT,59102,2025-01-30,Health,F,Nutrition and Dietary Deficiencies,0808,"Ensure therapeutic diets are prescribed by the attending physician and may be delegated to a registered or licensed dietitian, to the extent allowed by State law.",E,"Deficient, Provider has date of correction",2025-03-27,2,Y,N,N,N,N,"1807 24TH ST W,BILLINGS,MT,59102",2026-08-01
275020,SKYLINE HEIGHTS NURSING AND REHABILITATION,1807 24TH ST W,BILLINGS,MT,59102,2025-01-30,Health,F,Infection Control Deficiencies,0880,Provide and implement an infection prevention and control program.,E,"Deficient, Provider has date of correction",2025-02-21,2,Y,N,N,N,N,"1807 24TH ST W,BILLINGS,MT,59102",2026-08-01
275020,SKYLINE HEIGHTS NURSING AND REHABILITATION,1807 24TH ST W,BILLINGS,MT,59102,2025-01-30,Health,F,Resident Rights Deficiencies,0554,Allow residents to self-administer drugs if determined clinically appropriate.,D,"Deficient, Provider has date of correction",2025-03-26,2,Y,N,N,N,N,"1807 24TH ST W,BILLINGS,MT,59102",2026-08-01
275020,SKYLINE HEIGHTS NURSING AND REHABILITATION,1807 24TH ST W,BILLINGS,MT,59102,2025-01-30,Health,F,Resident Assessment and Care Planning Deficiencies,0655,Create and put into place a plan for meeting the resident's most immediate needs within 48 hours of being admitted,D,"Deficient, Provider has date of correction",2025-02-21,2,Y,N,N,N,N,"1807 24TH ST W,BILLINGS,MT,59102",2026-08-01
275020,SKYLINE HEIGHTS NURSING AND REHABILITATION,1807 24TH ST W,BILLINGS,MT,59102,2025-01-30,Health,F,Quality of Life and Care Deficiencies,0677,Provide care and assistance to perform activities of daily living for any resident who is unable.,D,"Deficient, Provider has date of correction",2025-06-25,2,Y,N,N,N,N,"1807 24TH ST W,BILLINGS,MT,59102",2026-08-01
275020,SKYLINE HEIGHTS NURSING AND REHABILITATION,1807 24TH ST W,BILLINGS,MT,59102,2025-01-30,Health,F,Quality of Life and Care Deficiencies,0684,"Provide appropriate treatment and care according to orders, resident’s preferences and goals.",D,"Deficient, Provider has date of correction",2025-03-27,2,Y,N,N,N,N,"1807 24TH ST W,BILLINGS,MT,59102",2026-08-01
275020,SKYLINE HEIGHTS NURSING AND REHABILITATION,1807 24TH ST W,BILLINGS,MT,59102,2025-01-30,Health,F,Quality of Life and Care Deficiencies,0695,Provide safe and appropriate respiratory care for a resident when needed.,D,"Deficient, Provider has date of correction",2025-02-21,2,Y,N,N,N,N,"1807 24TH ST W,BILLINGS,MT,59102",2026-08-01
275020,SKYLINE HEIGHTS NURSING AND REHABILITATION,1807 24TH ST W,BILLINGS,MT,59102,2025-01-30,Health,F,Pharmacy Service Deficiencies,0756,"Ensure a licensed pharmacist perform a monthly drug regimen review, including the medical chart, following irregularity reporting guidelines in developed policies and procedures.",D,"Deficient, Provider has date of correction",2025-02-21,2,Y,N,N,N,N,"1807 24TH ST W,BILLINGS,MT,59102",2026-08-01
275020,SKYLINE HEIGHTS NURSING AND REHABILITATION,1807 24TH ST W,BILLINGS,MT,59102,2025-01-30,Health,F,Pharmacy Service Deficiencies,0758,"Implement gradual dose reductions(GDR) and non-pharmacological interventions, unless contraindicated, prior to initiating or instead of continuing psychotropic medication; and PRN orders for psychotropic medications are only used when the medication is necessary and PRN use is limited.",D,"Deficient, Provider has date of correction",2025-02-21,2,Y,N,N,N,N,"1807 24TH ST W,BILLINGS,MT,59102",2026-08-01
275020,SKYLINE HEIGHTS NURSING AND REHABILITATION,1807 24TH ST W,BILLINGS,MT,59102,2025-01-30,Health,F,Infection Control Deficiencies,0883,Develop and implement policies and procedures for flu and pneumonia vaccinations.,D,"Deficient, Provider has date of correction",2025-02-21,2,Y,N,N,N,N,"1807 24TH ST W,BILLINGS,MT,59102",2026-08-01
275020,SKYLINE HEIGHTS NURSING AND REHABILITATION,1807 24TH ST W,BILLINGS,MT,59102,2024-11-20,Health,F,Quality of Life and Care Deficiencies,0684,"Provide appropriate treatment and care according to orders, resident’s preferences and goals.",D,"Deficient, Provider has date of correction",2024-12-12,2,N,Y,N,N,N,"1807 24TH ST W,BILLINGS,MT,59102",2026-08-01
275020,SKYLINE HEIGHTS NURSING AND REHABILITATION,1807 24TH ST W,BILLINGS,MT,59102,2024-10-03,Health,F,Quality of Life and Care Deficiencies,0677,Provide care and assistance to perform activities of daily living for any resident who is unable.,E,"Deficient, Provider has date of correction",2024-11-01,2,N,Y,N,N,N,"1807 24TH ST W,BILLINGS,MT,59102",2026-08-01
275020,SKYLINE HEIGHTS NURSING AND REHABILITATION,1807 24TH ST W,BILLINGS,MT,59102,2024-10-03,Health,F,Quality of Life and Care Deficiencies,0689,Ensure that a nursing home area is free from accident hazards and provides adequate supervision to prevent accidents.,D,"Deficient, Provider has date of correction",2024-11-01,2,N,Y,N,N,N,"1807 24TH ST W,BILLINGS,MT,59102",2026-08-01
275020,SKYLINE HEIGHTS NURSING AND REHABILITATION,1807 24TH ST W,BILLINGS,MT,59102,2024-10-03,Health,F,Nursing and Physician Services Deficiencies,0726,Ensure that nurses and nurse aides have the appropriate competencies to care for every resident in a way that maximizes each resident's well being.,D,"Deficient, Provider has date of correction",2024-11-01,2,N,Y,N,N,N,"1807 24TH ST W,BILLINGS,MT,59102",2026-08-01
275020,SKYLINE HEIGHTS NURSING AND REHABILITATION,1807 24TH ST W,BILLINGS,MT,59102,2024-05-20,Health,F,Nutrition and Dietary Deficiencies,0812,"Procure food from sources approved or considered satisfactory and store, prepare, distribute and serve food in accordance with professional standards.",F,"Deficient, Provider has date of correction",2024-06-10,3,N,Y,N,N,N,"1807 24TH ST W,BILLINGS,MT,59102",2026-08-01
275020,SKYLINE HEIGHTS NURSING AND REHABILITATION,1807 24TH ST W,BILLINGS,MT,59102,2024-05-20,Health,F,Quality of Life and Care Deficiencies,0677,Provide care and assistance to perform activities of daily living for any resident who is unable.,D,"Deficient, Provider has date of correction",2024-06-10,3,N,Y,N,N,N,"1807 24TH ST W,BILLINGS,MT,59102",2026-08-01
275020,SKYLINE HEIGHTS NURSING AND REHABILITATION,1807 24TH ST W,BILLINGS,MT,59102,2024-01-18,Health,F,Quality of Life and Care Deficiencies,0690,"Provide appropriate care for residents who are continent or incontinent of bowel/bladder, appropriate catheter care,  and appropriate care  to prevent urinary tract infections.",G,"Deficient, Provider has date of correction",2024-02-13,3,Y,Y,N,N,N,"1807 24TH ST W,BILLINGS,MT,59102",2026-08-01
275020,SKYLINE HEIGHTS NURSING AND REHABILITATION,1807 24TH ST W,BILLINGS,MT,59102,2024-01-18,Health,F,Nutrition and Dietary Deficiencies,0804,"Ensure food and drink is palatable, attractive, and at a safe and appetizing temperature.",F,"Deficient, Provider has date of correction",2024-02-13,3,Y,Y,N,N,N,"1807 24TH ST W,BILLINGS,MT,59102",2026-08-01
275020,SKYLINE HEIGHTS NURSING AND REHABILITATION,1807 24TH ST W,BILLINGS,MT,59102,2024-01-18,Health,F,Nutrition and Dietary Deficiencies,0812,"Procure food from sources approved or considered satisfactory and store, prepare, distribute and serve food in accordance with professional standards.",F,"Deficient, Provider has date of correction",2024-02-13,3,Y,N,N,N,N,"1807 24TH ST W,BILLINGS,MT,59102",2026-08-01
275020,SKYLINE HEIGHTS NURSING AND REHABILITATION,1807 24TH ST W,BILLINGS,MT,59102,2024-01-18,Health,F,"Freedom from Abuse, Neglect, and Exploitation Deficiencies",0600,"Protect each resident from all types of abuse such as physical, mental, sexual abuse, physical punishment, and neglect by anybody.",E,"Deficient, Provider has date of correction",2024-02-13,3,Y,Y,N,N,N,"1807 24TH ST W,BILLINGS,MT,59102",2026-08-01
275020,SKYLINE HEIGHTS NURSING AND REHABILITATION,1807 24TH ST W,BILLINGS,MT,59102,2024-01-18,Health,F,Pharmacy Service Deficiencies,0755,Provide pharmaceutical services to meet the needs of each resident and employ or obtain the services of a licensed pharmacist.,E,"Deficient, Provider has date of correction",2024-02-13,3,Y,N,N,N,N,"1807 24TH ST W,BILLINGS,MT,59102",2026-08-01
275020,SKYLINE HEIGHTS NURSING AND REHABILITATION,1807 24TH ST W,BILLINGS,MT,59102,2024-01-18,Health,F,Resident Rights Deficiencies,0585,Honor the resident's right to voice grievances without discrimination or reprisal and the facility must establish a grievance policy and make prompt efforts to resolve grievances.,D,"Deficient, Provider has date of correction",2024-02-13,3,Y,Y,N,N,N,"1807 24TH ST W,BILLINGS,MT,59102",2026-08-01
275020,SKYLINE HEIGHTS NURSING AND REHABILITATION,1807 24TH ST W,BILLINGS,MT,59102,2024-01-18,Health,F,"Freedom from Abuse, Neglect, and Exploitation Deficiencies",0610,Respond appropriately to all alleged violations.,D,"Deficient, Provider has date of correction",2024-02-13,3,Y,Y,N,N,N,"1807 24TH ST W,BILLINGS,MT,59102",2026-08-01
275020,SKYLINE HEIGHTS NURSING AND REHABILITATION,1807 24TH ST W,BILLINGS,MT,59102,2024-01-18,Health,F,Resident Rights Deficiencies,0622,Not transfer or discharge a resident without an adequate reason; and must provide documentation and convey specific information  when a resident is transferred or discharged.,D,"Deficient, Provider has date of correction",2024-02-13,3,Y,N,N,N,N,"1807 24TH ST W,BILLINGS,MT,59102",2026-08-01
275020,SKYLINE HEIGHTS NURSING AND REHABILITATION,1807 24TH ST W,BILLINGS,MT,59102,2024-01-18,Health,F,Resident Assessment and Care Planning Deficiencies,0636,"Assess the resident completely in a timely manner  when first admitted, and then periodically, at least every 12 months.",D,"Deficient, Provider has date of correction",2024-02-13,3,Y,N,N,N,N,"1807 24TH ST W,BILLINGS,MT,59102",2026-08-01
275020,SKYLINE HEIGHTS NURSING AND REHABILITATION,1807 24TH ST W,BILLINGS,MT,59102,2024-01-18,Health,F,Resident Assessment and Care Planning Deficiencies,0638,Assure that each resident’s assessment is updated at least once every 3 months.,D,"Deficient, Provider has date of correction",2024-02-13,3,Y,N,N,N,N,"1807 24TH ST W,BILLINGS,MT,59102",2026-08-01
275020,SKYLINE HEIGHTS NURSING AND REHABILITATION,1807 24TH ST W,BILLINGS,MT,59102,2024-01-18,Health,F,Resident Assessment and Care Planning Deficiencies,0644,Coordinate assessments with the pre-admission screening and resident review program; and referring for services as needed.,D,"Deficient, Provider has date of correction",2024-02-13,3,Y,N,N,N,N,"1807 24TH ST W,BILLINGS,MT,59102",2026-08-01
275020,SKYLINE HEIGHTS NURSING AND REHABILITATION,1807 24TH ST W,BILLINGS,MT,59102,2024-01-18,Health,F,Resident Assessment and Care Planning Deficiencies,0655,Create and put into place a plan for meeting the resident's most immediate needs within 48 hours of being admitted,D,"Deficient, Provider has date of correction",2024-02-13,3,N,Y,N,N,N,"1807 24TH ST W,BILLINGS,MT,59102",2026-08-01
275020,SKYLINE HEIGHTS NURSING AND REHABILITATION,1807 24TH ST W,BILLINGS,MT,59102,2024-01-18,Health,F,Resident Assessment and Care Planning Deficiencies,0656,"Develop and implement a complete care plan that meets all the resident's needs, with timetables and actions that can be measured.",D,"Deficient, Provider has date of correction",2024-02-13,3,Y,N,N,N,N,"1807 24TH ST W,BILLINGS,MT,59102",2026-08-01
275020,SKYLINE HEIGHTS NURSING AND REHABILITATION,1807 24TH ST W,BILLINGS,MT,59102,2024-01-18,Health,F,Resident Assessment and Care Planning Deficiencies,0657,"Develop the complete care plan within 7 days of the comprehensive assessment; and prepared, reviewed, and revised by a team of health professionals.",D,"Deficient, Provider has date of correction",2024-02-13,3,Y,N,N,N,N,"1807 24TH ST W,BILLINGS,MT,59102",2026-08-01
275020,SKYLINE HEIGHTS NURSING AND REHABILITATION,1807 24TH ST W,BILLINGS,MT,59102,2024-01-18,Health,F,Quality of Life and Care Deficiencies,0684,"Provide appropriate treatment and care according to orders, resident’s preferences and goals.",D,"Deficient, Provider has date of correction",2024-02-13,3,Y,N,N,N,N,"1807 24TH ST W,BILLINGS,MT,59102",2026-08-01
275020,SKYLINE HEIGHTS NURSING AND REHABILITATION,1807 24TH ST W,BILLINGS,MT,59102,2024-01-18,Health,F,Pharmacy Service Deficiencies,0761,"Ensure drugs and biologicals used in the facility are labeled in accordance with currently accepted professional principles; and all drugs and biologicals must be stored in locked compartments, separately locked, compartments for controlled drugs.",D,"Deficient, Provider has date of correction",2024-02-13,3,Y,N,N,N,N,"1807 24TH ST W,BILLINGS,MT,59102",2026-08-01
275020,SKYLINE HEIGHTS NURSING AND REHABILITATION,1807 24TH ST W,BILLINGS,MT,59102,2024-01-18,Health,F,Resident Rights Deficiencies,0623,"Provide timely notification to the resident, and if applicable to the resident representative and ombudsman, before transfer or discharge, including appeal rights.",C,"Deficient, Provider has date of correction",2024-02-13,3,Y,N,N,N,N,"1807 24TH ST W,BILLINGS,MT,59102",2026-08-01
275020,SKYLINE HEIGHTS NURSING AND REHABILITATION,1807 24TH ST W,BILLINGS,MT,59102,2023-10-12,Health,F,Quality of Life and Care Deficiencies,0677,Provide care and assistance to perform activities of daily living for any resident who is unable.,E,"Deficient, Provider has date of correction",2023-11-27,3,N,Y,N,N,N,"1807 24TH ST W,BILLINGS,MT,59102",2026-08-01
275020,SKYLINE HEIGHTS NURSING AND REHABILITATION,1807 24TH ST W,BILLINGS,MT,59102,2023-10-12,Health,F,Quality of Life and Care Deficiencies,0686,Provide appropriate pressure ulcer care and prevent new ulcers from developing.,D,"Deficient, Provider has date of correction",2023-11-27,3,N,Y,N,N,N,"1807 24TH ST W,BILLINGS,MT,59102",2026-08-01
275020,SKYLINE HEIGHTS NURSING AND REHABILITATION,1807 24TH ST W,BILLINGS,MT,59102,2023-10-12,Health,F,Nutrition and Dietary Deficiencies,0800,"Provide each resident with a nourishing, palatable, well-balanced diet that meets his or her daily nutritional and special dietary needs.",D,"Deficient, Provider has date of correction",2023-11-27,3,N,Y,N,N,N,"1807 24TH ST W,BILLINGS,MT,59102",2026-08-01
275021,VALLE VISTA REHABILITATION AND NURSING LLC,402 SUMMIT AVE,LEWISTOWN,MT,59457,2026-07-02,Health,F,Quality of Life and Care Deficiencies,0684,"Provide appropriate treatment and care according to orders, resident’s preferences and goals.",G,"Deficient, Provider has plan of correction",2026-08-05,1,N,Y,N,N,N,"402 SUMMIT AVE,LEWISTOWN,MT,59457",2026-08-01
275021,VALLE VISTA REHABILITATION AND NURSING LLC,402 SUMMIT AVE,LEWISTOWN,MT,59457,2026-07-02,Health,F,Infection Control Deficiencies,0880,Provide and implement an infection prevention and control program.,F,"Deficient, Provider has plan of correction",2026-08-05,1,N,Y,N,N,N,"402 SUMMIT AVE,LEWISTOWN,MT,59457",2026-08-01
275021,VALLE VISTA REHABILITATION AND NURSING LLC,402 SUMMIT AVE,LEWISTOWN,MT,59457,2026-07-02,Health,F,Resident Rights Deficiencies,0580,"Immediately tell the resident, the resident's doctor, and a family member of situations (injury/decline/room, etc.)  that affect the resident.",D,"Deficient, Provider has plan of correction",2026-08-05,1,N,Y,N,N,N,"402 SUMMIT AVE,LEWISTOWN,MT,59457",2026-08-01
275021,VALLE VISTA REHABILITATION AND NURSING LLC,402 SUMMIT AVE,LEWISTOWN,MT,59457,2026-07-02,Health,F,Resident Assessment and Care Planning Deficiencies,0658,Ensure services provided by the nursing facility meet professional standards of quality.,D,"Deficient, Provider has plan of correction",2026-08-05,1,N,Y,N,N,N,"402 SUMMIT AVE,LEWISTOWN,MT,59457",2026-08-01
275021,VALLE VISTA REHABILITATION AND NURSING LLC,402 SUMMIT AVE,LEWISTOWN,MT,59457,2026-07-02,Health,F,Nursing and Physician Services Deficiencies,0710,Obtain a doctor's order to admit a resident and ensure the resident is under a doctor's care.,D,"Deficient, Provider has plan of correction",2026-08-05,1,N,Y,N,N,N,"402 SUMMIT AVE,LEWISTOWN,MT,59457",2026-08-01
275021,VALLE VISTA REHABILITATION AND NURSING LLC,402 SUMMIT AVE,LEWISTOWN,MT,59457,2026-07-02,Health,F,Resident Assessment and Care Planning Deficiencies,0842,Safeguard resident-identifiable information and/or maintain medical records on each resident that are in accordance with accepted professional standards.,D,"Deficient, Provider has plan of correction",2026-08-05,1,N,Y,N,N,N,"402 SUMMIT AVE,LEWISTOWN,MT,59457",2026-08-01
275021,VALLE VISTA REHABILITATION AND NURSING LLC,402 SUMMIT AVE,LEWISTOWN,MT,59457,2026-06-04,Health,F,Nutrition and Dietary Deficiencies,0812,"Procure food from sources approved or considered satisfactory and store, prepare, distribute and serve food in accordance with professional standards.",F,"Deficient, Provider has date of correction",2026-07-10,1,N,Y,N,N,N,"402 SUMMIT AVE,LEWISTOWN,MT,59457",2026-08-01
275021,VALLE VISTA REHABILITATION AND NURSING LLC,402 SUMMIT AVE,LEWISTOWN,MT,59457,2026-06-04,Health,F,Resident Assessment and Care Planning Deficiencies,0657,"Develop the complete care plan within 7 days of the comprehensive assessment; and prepared, reviewed, and revised by a team of health professionals.",D,"Deficient, Provider has date of correction",2026-07-10,1,N,Y,N,N,N,"402 SUMMIT AVE,LEWISTOWN,MT,59457",2026-08-01
275021,VALLE VISTA REHABILITATION AND NURSING LLC,402 SUMMIT AVE,LEWISTOWN,MT,59457,2026-06-04,Health,F,Quality of Life and Care Deficiencies,0740,Ensure each resident must receive and the facility must provide necessary behavioral health care and services.,D,"Deficient, Provider has date of correction",2026-07-10,1,N,Y,N,N,N,"402 SUMMIT AVE,LEWISTOWN,MT,59457",2026-08-01
275021,VALLE VISTA REHABILITATION AND NURSING LLC,402 SUMMIT AVE,LEWISTOWN,MT,59457,2025-11-21,Health,F,Resident Rights Deficiencies,0628,"Provide the required documentation or notification related to the resident's needs, appeal rights, or bed-hold policies.",D,"Deficient, Provider has date of correction",2025-12-12,1,N,Y,N,N,N,"402 SUMMIT AVE,LEWISTOWN,MT,59457",2026-08-01
275021,VALLE VISTA REHABILITATION AND NURSING LLC,402 SUMMIT AVE,LEWISTOWN,MT,59457,2025-05-20,Health,F,Infection Control Deficiencies,0880,Provide and implement an infection prevention and control program.,F,"Deficient, Provider has date of correction",2025-06-19,1,Y,N,N,N,N,"402 SUMMIT AVE,LEWISTOWN,MT,59457",2026-08-01
275021,VALLE VISTA REHABILITATION AND NURSING LLC,402 SUMMIT AVE,LEWISTOWN,MT,59457,2025-05-20,Health,F,Resident Assessment and Care Planning Deficiencies,0842,Safeguard resident-identifiable information and/or maintain medical records on each resident that are in accordance with accepted professional standards.,E,"Deficient, Provider has date of correction",2025-06-19,1,Y,N,N,N,N,"402 SUMMIT AVE,LEWISTOWN,MT,59457",2026-08-01
275021,VALLE VISTA REHABILITATION AND NURSING LLC,402 SUMMIT AVE,LEWISTOWN,MT,59457,2025-05-20,Health,F,Resident Rights Deficiencies,0552,"Ensure that residents are fully informed and understand their health status, care and treatments.",D,"Deficient, Provider has date of correction",2025-06-19,1,Y,N,N,N,N,"402 SUMMIT AVE,LEWISTOWN,MT,59457",2026-08-01
275021,VALLE VISTA REHABILITATION AND NURSING LLC,402 SUMMIT AVE,LEWISTOWN,MT,59457,2025-05-20,Health,F,"Freedom from Abuse, Neglect, and Exploitation Deficiencies",0605,Prevent the use of unnecessary psychotropic medications or use medications that may restrain a resident's ability to function.,D,"Deficient, Provider has date of correction",2025-06-19,1,Y,N,N,N,N,"402 SUMMIT AVE,LEWISTOWN,MT,59457",2026-08-01
275021,VALLE VISTA REHABILITATION AND NURSING LLC,402 SUMMIT AVE,LEWISTOWN,MT,59457,2025-05-20,Health,F,"Freedom from Abuse, Neglect, and Exploitation Deficiencies",0609,"Timely report suspected abuse, neglect, or theft and report the results of the investigation to proper authorities.",D,"Deficient, Provider has date of correction",2025-06-19,1,Y,Y,N,N,N,"402 SUMMIT AVE,LEWISTOWN,MT,59457",2026-08-01
275021,VALLE VISTA REHABILITATION AND NURSING LLC,402 SUMMIT AVE,LEWISTOWN,MT,59457,2025-05-20,Health,F,Resident Rights Deficiencies,0628,"Provide the required documentation or notification related to the resident's needs, appeal rights, or bed-hold policies.",D,"Deficient, Provider has date of correction",2025-06-19,1,Y,N,N,N,N,"402 SUMMIT AVE,LEWISTOWN,MT,59457",2026-08-01
275021,VALLE VISTA REHABILITATION AND NURSING LLC,402 SUMMIT AVE,LEWISTOWN,MT,59457,2025-05-20,Health,F,Resident Assessment and Care Planning Deficiencies,0656,"Develop and implement a complete care plan that meets all the resident's needs, with timetables and actions that can be measured.",D,"Deficient, Provider has date of correction",2025-06-19,1,Y,N,N,N,N,"402 SUMMIT AVE,LEWISTOWN,MT,59457",2026-08-01
275021,VALLE VISTA REHABILITATION AND NURSING LLC,402 SUMMIT AVE,LEWISTOWN,MT,59457,2025-05-20,Health,F,Quality of Life and Care Deficiencies,0679,Provide activities to meet all resident's needs.,D,"Deficient, Provider has date of correction",2025-06-19,1,Y,N,N,N,N,"402 SUMMIT AVE,LEWISTOWN,MT,59457",2026-08-01
275021,VALLE VISTA REHABILITATION AND NURSING LLC,402 SUMMIT AVE,LEWISTOWN,MT,59457,2024-08-28,Health,F,Nutrition and Dietary Deficiencies,0812,"Procure food from sources approved or considered satisfactory and store, prepare, distribute and serve food in accordance with professional standards.",F,"Deficient, Provider has date of correction",2024-09-18,2,N,Y,N,N,N,"402 SUMMIT AVE,LEWISTOWN,MT,59457",2026-08-01
275021,VALLE VISTA REHABILITATION AND NURSING LLC,402 SUMMIT AVE,LEWISTOWN,MT,59457,2024-05-21,Health,F,Nutrition and Dietary Deficiencies,0801,"Employ sufficient staff with the appropriate competencies and skills sets to carry out the functions of the food and nutrition service, including a qualified dietician.",F,"Deficient, Provider has date of correction",2024-06-14,2,Y,N,N,N,N,"402 SUMMIT AVE,LEWISTOWN,MT,59457",2026-08-01
275021,VALLE VISTA REHABILITATION AND NURSING LLC,402 SUMMIT AVE,LEWISTOWN,MT,59457,2024-05-21,Health,F,Nutrition and Dietary Deficiencies,0812,"Procure food from sources approved or considered satisfactory and store, prepare, distribute and serve food in accordance with professional standards.",F,"Deficient, Provider has date of correction",2024-06-14,2,Y,N,N,N,N,"402 SUMMIT AVE,LEWISTOWN,MT,59457",2026-08-01
275021,VALLE VISTA REHABILITATION AND NURSING LLC,402 SUMMIT AVE,LEWISTOWN,MT,59457,2024-05-21,Health,F,Pharmacy Service Deficiencies,0761,"Ensure drugs and biologicals used in the facility are labeled in accordance with currently accepted professional principles; and all drugs and biologicals must be stored in locked compartments, separately locked, compartments for controlled drugs.",E,"Deficient, Provider has date of correction",2024-06-14,2,Y,N,N,N,N,"402 SUMMIT AVE,LEWISTOWN,MT,59457",2026-08-01
275021,VALLE VISTA REHABILITATION AND NURSING LLC,402 SUMMIT AVE,LEWISTOWN,MT,59457,2024-05-21,Health,F,Nutrition and Dietary Deficiencies,0804,"Ensure food and drink is palatable, attractive, and at a safe and appetizing temperature.",E,"Deficient, Provider has date of correction",2024-06-14,2,Y,N,N,N,N,"402 SUMMIT AVE,LEWISTOWN,MT,59457",2026-08-01
275021,VALLE VISTA REHABILITATION AND NURSING LLC,402 SUMMIT AVE,LEWISTOWN,MT,59457,2023-05-22,Health,F,Infection Control Deficiencies,0880,Provide and implement an infection prevention and control program.,F,"Deficient, Provider has date of correction",2023-06-26,3,Y,N,N,N,N,"402 SUMMIT AVE,LEWISTOWN,MT,59457",2026-08-01
275021,VALLE VISTA REHABILITATION AND NURSING LLC,402 SUMMIT AVE,LEWISTOWN,MT,59457,2023-05-22,Health,F,Resident Rights Deficiencies,0550,"Honor the resident's right to a dignified existence, self-determination, communication, and to exercise his or her rights.",E,"Deficient, Provider has date of correction",2023-06-26,3,Y,N,N,N,N,"402 SUMMIT AVE,LEWISTOWN,MT,59457",2026-08-01
275024,ST JOHN'S LUTHERAN HOME,3940 RIMROCK RD,BILLINGS,MT,59102,2026-07-01,Health,F,Resident Assessment and Care Planning Deficiencies,0658,Ensure services provided by the nursing facility meet professional standards of quality.,E,"Deficient, Provider has no plan of correction",,1,N,Y,N,N,N,"3940 RIMROCK RD,BILLINGS,MT,59102",2026-08-01
275024,ST JOHN'S LUTHERAN HOME,3940 RIMROCK RD,BILLINGS,MT,59102,2026-07-01,Health,F,Resident Rights Deficiencies,0550,"Honor the resident's right to a dignified existence, self-determination, communication, and to exercise his or her rights.",D,"Deficient, Provider has no plan of correction",,1,N,Y,N,N,N,"3940 RIMROCK RD,BILLINGS,MT,59102",2026-08-01
275024,ST JOHN'S LUTHERAN HOME,3940 RIMROCK RD,BILLINGS,MT,59102,2026-07-01,Health,F,Resident Rights Deficiencies,0583,Keep residents' personal and medical records private and confidential.,D,"Deficient, Provider has no plan of correction",,1,N,Y,N,N,N,"3940 RIMROCK RD,BILLINGS,MT,59102",2026-08-01
275024,ST JOHN'S LUTHERAN HOME,3940 RIMROCK RD,BILLINGS,MT,59102,2026-07-01,Health,F,"Freedom from Abuse, Neglect, and Exploitation Deficiencies",0600,"Protect each resident from all types of abuse such as physical, mental, sexual abuse, physical punishment, and neglect by anybody.",D,Past Non-Compliance,,1,N,Y,N,N,N,"3940 RIMROCK RD,BILLINGS,MT,59102",2026-08-01
275024,ST JOHN'S LUTHERAN HOME,3940 RIMROCK RD,BILLINGS,MT,59102,2026-07-01,Health,F,"Freedom from Abuse, Neglect, and Exploitation Deficiencies",0602,Protect each resident from the wrongful use of the resident's belongings or money.,D,"Deficient, Provider has no plan of correction",,1,N,Y,N,N,N,"3940 RIMROCK RD,BILLINGS,MT,59102",2026-08-01
275024,ST JOHN'S LUTHERAN HOME,3940 RIMROCK RD,BILLINGS,MT,59102,2026-07-01,Health,F,"Freedom from Abuse, Neglect, and Exploitation Deficiencies",0609,"Timely report suspected abuse, neglect, or theft and report the results of the investigation to proper authorities.",D,"Deficient, Provider has no plan of correction",,1,N,Y,N,N,N,"3940 RIMROCK RD,BILLINGS,MT,59102",2026-08-01
275024,ST JOHN'S LUTHERAN HOME,3940 RIMROCK RD,BILLINGS,MT,59102,2026-07-01,Health,F,Pharmacy Service Deficiencies,0755,Provide pharmaceutical services to meet the needs of each resident and employ or obtain the services of a licensed pharmacist.,D,"Deficient, Provider has no plan of correction",,1,N,Y,N,N,N,"3940 RIMROCK RD,BILLINGS,MT,59102",2026-08-01
275024,ST JOHN'S LUTHERAN HOME,3940 RIMROCK RD,BILLINGS,MT,59102,2025-07-17,Health,F,Nutrition and Dietary Deficiencies,0812,"Procure food from sources approved or considered satisfactory and store, prepare, distribute and serve food in accordance with professional standards.",F,"Deficient, Provider has date of correction",2025-08-30,1,Y,N,N,N,N,"3940 RIMROCK RD,BILLINGS,MT,59102",2026-08-01
275024,ST JOHN'S LUTHERAN HOME,3940 RIMROCK RD,BILLINGS,MT,59102,2025-07-17,Health,F,Infection Control Deficiencies,0880,Provide and implement an infection prevention and control program.,F,"Deficient, Provider has date of correction",2025-08-30,1,Y,N,N,N,N,"3940 RIMROCK RD,BILLINGS,MT,59102",2026-08-01
275024,ST JOHN'S LUTHERAN HOME,3940 RIMROCK RD,BILLINGS,MT,59102,2025-07-17,Health,F,Resident Rights Deficiencies,0585,Honor the resident's right to voice grievances without discrimination or reprisal and the facility must establish a grievance policy and make prompt efforts to resolve grievances.,D,"Deficient, Provider has date of correction",2025-08-30,1,Y,N,N,N,N,"3940 RIMROCK RD,BILLINGS,MT,59102",2026-08-01
275024,ST JOHN'S LUTHERAN HOME,3940 RIMROCK RD,BILLINGS,MT,59102,2025-07-17,Health,F,Resident Assessment and Care Planning Deficiencies,0656,"Develop and implement a complete care plan that meets all the resident's needs, with timetables and actions that can be measured.",D,"Deficient, Provider has date of correction",2025-08-30,1,Y,N,N,N,N,"3940 RIMROCK RD,BILLINGS,MT,59102",2026-08-01
275024,ST JOHN'S LUTHERAN HOME,3940 RIMROCK RD,BILLINGS,MT,59102,2025-07-17,Health,F,Resident Assessment and Care Planning Deficiencies,0657,"Develop the complete care plan within 7 days of the comprehensive assessment; and prepared, reviewed, and revised by a team of health professionals.",D,"Deficient, Provider has date of correction",2025-08-30,1,Y,N,N,N,N,"3940 RIMROCK RD,BILLINGS,MT,59102",2026-08-01
275024,ST JOHN'S LUTHERAN HOME,3940 RIMROCK RD,BILLINGS,MT,59102,2025-07-17,Health,F,Pharmacy Service Deficiencies,0759,Ensure medication error rates are not 5 percent or greater.,D,"Deficient, Provider has date of correction",2025-08-30,1,Y,N,N,N,N,"3940 RIMROCK RD,BILLINGS,MT,59102",2026-08-01
275024,ST JOHN'S LUTHERAN HOME,3940 RIMROCK RD,BILLINGS,MT,59102,2025-07-17,Health,F,"Freedom from Abuse, Neglect, and Exploitation Deficiencies",0609,"Timely report suspected abuse, neglect, or theft and report the results of the investigation to proper authorities.",D,"Deficient, Provider has date of correction",2025-08-30,2,N,Y,N,N,N,"3940 RIMROCK RD,BILLINGS,MT,59102",2026-08-01
275024,ST JOHN'S LUTHERAN HOME,3940 RIMROCK RD,BILLINGS,MT,59102,2024-08-15,Health,F,Nutrition and Dietary Deficiencies,0803,"Ensure menus must meet the nutritional needs of residents, be prepared in advance, be followed, be updated, be reviewed by dietician, and meet the needs of the resident.",F,"Deficient, Provider has date of correction",2024-09-16,2,Y,N,N,N,N,"3940 RIMROCK RD,BILLINGS,MT,59102",2026-08-01
275024,ST JOHN'S LUTHERAN HOME,3940 RIMROCK RD,BILLINGS,MT,59102,2024-08-15,Health,F,Resident Assessment and Care Planning Deficiencies,0657,"Develop the complete care plan within 7 days of the comprehensive assessment; and prepared, reviewed, and revised by a team of health professionals.",E,"Deficient, Provider has date of correction",2024-09-16,2,Y,N,N,N,N,"3940 RIMROCK RD,BILLINGS,MT,59102",2026-08-01
275024,ST JOHN'S LUTHERAN HOME,3940 RIMROCK RD,BILLINGS,MT,59102,2024-08-15,Health,F,Nursing and Physician Services Deficiencies,0732,Post nurse staffing information every day.,E,"Deficient, Provider has date of correction",2024-09-16,2,Y,N,N,N,N,"3940 RIMROCK RD,BILLINGS,MT,59102",2026-08-01
275024,ST JOHN'S LUTHERAN HOME,3940 RIMROCK RD,BILLINGS,MT,59102,2024-08-15,Health,F,Nutrition and Dietary Deficiencies,0800,"Provide each resident with a nourishing, palatable, well-balanced diet that meets his or her daily nutritional and special dietary needs.",E,"Deficient, Provider has date of correction",2024-09-16,2,Y,N,N,N,N,"3940 RIMROCK RD,BILLINGS,MT,59102",2026-08-01
275024,ST JOHN'S LUTHERAN HOME,3940 RIMROCK RD,BILLINGS,MT,59102,2024-08-15,Health,F,Nutrition and Dietary Deficiencies,0802,Provide sufficient support personnel to safely and effectively carry out the functions of the food and nutrition service.,E,"Deficient, Provider has date of correction",2024-09-16,2,Y,N,N,N,N,"3940 RIMROCK RD,BILLINGS,MT,59102",2026-08-01
275024,ST JOHN'S LUTHERAN HOME,3940 RIMROCK RD,BILLINGS,MT,59102,2024-08-15,Health,F,Nutrition and Dietary Deficiencies,0806,"Ensure each resident receives and the facility provides food that accommodates resident allergies, intolerances, and preferences, as well as appealing options.",E,"Deficient, Provider has date of correction",2024-09-16,2,Y,N,N,N,N,"3940 RIMROCK RD,BILLINGS,MT,59102",2026-08-01
275024,ST JOHN'S LUTHERAN HOME,3940 RIMROCK RD,BILLINGS,MT,59102,2024-08-15,Health,F,Nutrition and Dietary Deficiencies,0812,"Procure food from sources approved or considered satisfactory and store, prepare, distribute and serve food in accordance with professional standards.",E,"Deficient, Provider has date of correction",2024-09-16,2,Y,N,N,N,N,"3940 RIMROCK RD,BILLINGS,MT,59102",2026-08-01
275024,ST JOHN'S LUTHERAN HOME,3940 RIMROCK RD,BILLINGS,MT,59102,2024-08-15,Health,F,Infection Control Deficiencies,0880,Provide and implement an infection prevention and control program.,E,"Deficient, Provider has date of correction",2024-09-16,2,Y,N,N,N,N,"3940 RIMROCK RD,BILLINGS,MT,59102",2026-08-01
275024,ST JOHN'S LUTHERAN HOME,3940 RIMROCK RD,BILLINGS,MT,59102,2024-08-15,Health,F,Resident Rights Deficiencies,0554,Allow residents to self-administer drugs if determined clinically appropriate.,D,"Deficient, Provider has date of correction",2024-09-16,2,Y,N,N,N,N,"3940 RIMROCK RD,BILLINGS,MT,59102",2026-08-01
275024,ST JOHN'S LUTHERAN HOME,3940 RIMROCK RD,BILLINGS,MT,59102,2024-08-15,Health,F,"Freedom from Abuse, Neglect, and Exploitation Deficiencies",0609,"Timely report suspected abuse, neglect, or theft and report the results of the investigation to proper authorities.",D,"Deficient, Provider has date of correction",2024-09-16,2,Y,Y,N,N,N,"3940 RIMROCK RD,BILLINGS,MT,59102",2026-08-01
275024,ST JOHN'S LUTHERAN HOME,3940 RIMROCK RD,BILLINGS,MT,59102,2024-08-15,Health,F,Resident Assessment and Care Planning Deficiencies,0641,Ensure each resident receives an accurate assessment.,D,"Deficient, Provider has date of correction",2024-09-16,2,Y,N,N,N,N,"3940 RIMROCK RD,BILLINGS,MT,59102",2026-08-01
275024,ST JOHN'S LUTHERAN HOME,3940 RIMROCK RD,BILLINGS,MT,59102,2024-08-15,Health,F,Resident Assessment and Care Planning Deficiencies,0655,Create and put into place a plan for meeting the resident's most immediate needs within 48 hours of being admitted,D,"Deficient, Provider has date of correction",2024-09-16,2,Y,N,N,N,N,"3940 RIMROCK RD,BILLINGS,MT,59102",2026-08-01
275024,ST JOHN'S LUTHERAN HOME,3940 RIMROCK RD,BILLINGS,MT,59102,2024-08-15,Health,F,Quality of Life and Care Deficiencies,0684,"Provide appropriate treatment and care according to orders, resident’s preferences and goals.",D,"Deficient, Provider has date of correction",2024-09-16,2,Y,N,N,N,N,"3940 RIMROCK RD,BILLINGS,MT,59102",2026-08-01
275024,ST JOHN'S LUTHERAN HOME,3940 RIMROCK RD,BILLINGS,MT,59102,2024-08-15,Health,F,Quality of Life and Care Deficiencies,0689,Ensure that a nursing home area is free from accident hazards and provides adequate supervision to prevent accidents.,D,"Deficient, Provider has date of correction",2024-09-16,2,Y,N,N,N,N,"3940 RIMROCK RD,BILLINGS,MT,59102",2026-08-01
275024,ST JOHN'S LUTHERAN HOME,3940 RIMROCK RD,BILLINGS,MT,59102,2024-08-15,Health,F,Quality of Life and Care Deficiencies,0745,Provide medically-related social services to help each resident achieve the highest possible quality of life.,D,"Deficient, Provider has date of correction",2024-09-16,2,Y,N,N,N,N,"3940 RIMROCK RD,BILLINGS,MT,59102",2026-08-01
275024,ST JOHN'S LUTHERAN HOME,3940 RIMROCK RD,BILLINGS,MT,59102,2024-08-15,Health,F,Pharmacy Service Deficiencies,0755,Provide pharmaceutical services to meet the needs of each resident and employ or obtain the services of a licensed pharmacist.,D,"Deficient, Provider has date of correction",2024-09-16,2,Y,Y,N,N,N,"3940 RIMROCK RD,BILLINGS,MT,59102",2026-08-01
275024,ST JOHN'S LUTHERAN HOME,3940 RIMROCK RD,BILLINGS,MT,59102,2024-08-15,Health,F,Pharmacy Service Deficiencies,0758,"Implement gradual dose reductions(GDR) and non-pharmacological interventions, unless contraindicated, prior to initiating or instead of continuing psychotropic medication; and PRN orders for psychotropic medications are only used when the medication is necessary and PRN use is limited.",D,"Deficient, Provider has date of correction",2024-09-16,2,Y,N,N,N,N,"3940 RIMROCK RD,BILLINGS,MT,59102",2026-08-01
275024,ST JOHN'S LUTHERAN HOME,3940 RIMROCK RD,BILLINGS,MT,59102,2024-08-15,Health,F,Infection Control Deficiencies,0883,Develop and implement policies and procedures for flu and pneumonia vaccinations.,D,"Deficient, Provider has date of correction",2024-09-16,2,Y,N,N,N,N,"3940 RIMROCK RD,BILLINGS,MT,59102",2026-08-01
275024,ST JOHN'S LUTHERAN HOME,3940 RIMROCK RD,BILLINGS,MT,59102,2024-04-23,Health,F,Pharmacy Service Deficiencies,0755,Provide pharmaceutical services to meet the needs of each resident and employ or obtain the services of a licensed pharmacist.,D,Past Non-Compliance,2024-04-19,3,N,Y,N,N,N,"3940 RIMROCK RD,BILLINGS,MT,59102",2026-08-01
275024,ST JOHN'S LUTHERAN HOME,3940 RIMROCK RD,BILLINGS,MT,59102,2023-08-03,Health,F,Nutrition and Dietary Deficiencies,0812,"Procure food from sources approved or considered satisfactory and store, prepare, distribute and serve food in accordance with professional standards.",F,"Deficient, Provider has date of correction",2023-09-15,3,Y,N,N,N,N,"3940 RIMROCK RD,BILLINGS,MT,59102",2026-08-01
275024,ST JOHN'S LUTHERAN HOME,3940 RIMROCK RD,BILLINGS,MT,59102,2023-08-03,Health,F,Resident Rights Deficiencies,0561,Honor the resident's right to and the facility must promote and facilitate resident self-determination through support of resident choice.,D,"Deficient, Provider has date of correction",2023-09-15,3,Y,N,N,N,N,"3940 RIMROCK RD,BILLINGS,MT,59102",2026-08-01
275024,ST JOHN'S LUTHERAN HOME,3940 RIMROCK RD,BILLINGS,MT,59102,2023-08-03,Health,F,Resident Assessment and Care Planning Deficiencies,0656,"Develop and implement a complete care plan that meets all the resident's needs, with timetables and actions that can be measured.",D,"Deficient, Provider has date of correction",2023-09-15,3,Y,N,N,N,N,"3940 RIMROCK RD,BILLINGS,MT,59102",2026-08-01
275024,ST JOHN'S LUTHERAN HOME,3940 RIMROCK RD,BILLINGS,MT,59102,2023-08-03,Health,F,Quality of Life and Care Deficiencies,0686,Provide appropriate pressure ulcer care and prevent new ulcers from developing.,D,"Deficient, Provider has date of correction",2023-09-15,3,Y,N,N,N,N,"3940 RIMROCK RD,BILLINGS,MT,59102",2026-08-01
275024,ST JOHN'S LUTHERAN HOME,3940 RIMROCK RD,BILLINGS,MT,59102,2023-08-03,Health,F,Quality of Life and Care Deficiencies,0695,Provide safe and appropriate respiratory care for a resident when needed.,D,"Deficient, Provider has date of correction",2023-09-15,3,Y,N,N,N,N,"3940 RIMROCK RD,BILLINGS,MT,59102",2026-08-01
275024,ST JOHN'S LUTHERAN HOME,3940 RIMROCK RD,BILLINGS,MT,59102,2023-08-03,Health,F,Pharmacy Service Deficiencies,0758,"Implement gradual dose reductions(GDR) and non-pharmacological interventions, unless contraindicated, prior to initiating or instead of continuing psychotropic medication; and PRN orders for psychotropic medications are only used when the medication is necessary and PRN use is limited.",D,"Deficient, Provider has date of correction",2023-09-15,3,Y,Y,N,N,N,"3940 RIMROCK RD,BILLINGS,MT,59102",2026-08-01
275024,ST JOHN'S LUTHERAN HOME,3940 RIMROCK RD,BILLINGS,MT,59102,2023-08-03,Health,F,Pharmacy Service Deficiencies,0760,Ensure that residents are free from significant medication errors.,D,"Deficient, Provider has date of correction",2023-09-15,3,Y,N,N,N,N,"3940 RIMROCK RD,BILLINGS,MT,59102",2026-08-01
275025,KALISPELL REHABILITATION AND NURSING LLC,171 HERITAGE WAY,KALISPELL,MT,59901,2026-06-17,Health,F,Quality of Life and Care Deficiencies,0684,"Provide appropriate treatment and care according to orders, resident’s preferences and goals.",D,"Deficient, Provider has plan of correction",2026-07-20,1,N,Y,N,N,N,"171 HERITAGE WAY,KALISPELL,MT,59901",2026-08-01
275025,KALISPELL REHABILITATION AND NURSING LLC,171 HERITAGE WAY,KALISPELL,MT,59901,2026-06-17,Health,F,Quality of Life and Care Deficiencies,0686,Provide appropriate pressure ulcer care and prevent new ulcers from developing.,D,"Deficient, Provider has plan of correction",2026-07-20,1,N,Y,N,N,N,"171 HERITAGE WAY,KALISPELL,MT,59901",2026-08-01
275025,KALISPELL REHABILITATION AND NURSING LLC,171 HERITAGE WAY,KALISPELL,MT,59901,2026-06-17,Health,F,Quality of Life and Care Deficiencies,0692,Provide enough food/fluids to maintain a resident's health.,D,"Deficient, Provider has plan of correction",2026-07-20,1,N,Y,N,N,N,"171 HERITAGE WAY,KALISPELL,MT,59901",2026-08-01
275025,KALISPELL REHABILITATION AND NURSING LLC,171 HERITAGE WAY,KALISPELL,MT,59901,2026-03-12,Health,F,Quality of Life and Care Deficiencies,0686,Provide appropriate pressure ulcer care and prevent new ulcers from developing.,G,"Deficient, Provider has date of correction",2026-05-30,1,Y,N,N,N,N,"171 HERITAGE WAY,KALISPELL,MT,59901",2026-08-01
275025,KALISPELL REHABILITATION AND NURSING LLC,171 HERITAGE WAY,KALISPELL,MT,59901,2026-03-12,Health,F,Quality of Life and Care Deficiencies,0688,"Provide appropriate care for a resident to maintain and/or improve range of motion (ROM), limited ROM and/or mobility, unless a decline is for a medical reason.",G,"Deficient, Provider has date of correction",2026-04-13,1,Y,Y,N,N,N,"171 HERITAGE WAY,KALISPELL,MT,59901",2026-08-01
275025,KALISPELL REHABILITATION AND NURSING LLC,171 HERITAGE WAY,KALISPELL,MT,59901,2026-03-12,Health,F,Quality of Life and Care Deficiencies,0690,"Provide appropriate care for residents who are continent or incontinent of bowel/bladder, appropriate catheter care,  and appropriate care  to prevent urinary tract infections.",G,"Deficient, Provider has date of correction",2026-04-13,1,Y,N,N,N,N,"171 HERITAGE WAY,KALISPELL,MT,59901",2026-08-01
275025,KALISPELL REHABILITATION AND NURSING LLC,171 HERITAGE WAY,KALISPELL,MT,59901,2026-03-12,Health,F,Nutrition and Dietary Deficiencies,0801,"Employ sufficient staff with the appropriate competencies and skills sets to carry out the functions of the food and nutrition service, including a qualified dietician.",F,"Deficient, Provider has date of correction",2026-04-13,1,Y,N,N,N,N,"171 HERITAGE WAY,KALISPELL,MT,59901",2026-08-01
275025,KALISPELL REHABILITATION AND NURSING LLC,171 HERITAGE WAY,KALISPELL,MT,59901,2026-03-12,Health,F,Nutrition and Dietary Deficiencies,0804,"Ensure food and drink is palatable, attractive, and at a safe and appetizing temperature.",F,"Deficient, Provider has date of correction",2026-04-13,1,Y,N,N,N,N,"171 HERITAGE WAY,KALISPELL,MT,59901",2026-08-01
275025,KALISPELL REHABILITATION AND NURSING LLC,171 HERITAGE WAY,KALISPELL,MT,59901,2026-03-12,Health,F,Nutrition and Dietary Deficiencies,0812,"Procure food from sources approved or considered satisfactory and store, prepare, distribute and serve food in accordance with professional standards.",F,"Deficient, Provider has date of correction",2026-04-13,1,Y,N,N,N,N,"171 HERITAGE WAY,KALISPELL,MT,59901",2026-08-01
275025,KALISPELL REHABILITATION AND NURSING LLC,171 HERITAGE WAY,KALISPELL,MT,59901,2026-03-12,Health,F,Resident Rights Deficiencies,0584,"Honor the resident's right to a safe, clean, comfortable and homelike environment, including but not limited to receiving treatment and supports for daily living safely.",E,"Deficient, Provider has date of correction",2026-04-13,1,Y,N,N,N,N,"171 HERITAGE WAY,KALISPELL,MT,59901",2026-08-01
275025,KALISPELL REHABILITATION AND NURSING LLC,171 HERITAGE WAY,KALISPELL,MT,59901,2026-03-12,Health,F,Infection Control Deficiencies,0880,Provide and implement an infection prevention and control program.,E,"Deficient, Provider has date of correction",2026-04-13,1,Y,N,N,N,N,"171 HERITAGE WAY,KALISPELL,MT,59901",2026-08-01
275025,KALISPELL REHABILITATION AND NURSING LLC,171 HERITAGE WAY,KALISPELL,MT,59901,2026-03-12,Health,F,Resident Rights Deficiencies,0551,Give the resident's representative the ability to exercise the resident's rights.,D,"Deficient, Provider has date of correction",2026-04-13,1,Y,N,N,N,N,"171 HERITAGE WAY,KALISPELL,MT,59901",2026-08-01
275025,KALISPELL REHABILITATION AND NURSING LLC,171 HERITAGE WAY,KALISPELL,MT,59901,2026-03-12,Health,F,Resident Rights Deficiencies,0552,"Ensure that residents are fully informed and understand their health status, care and treatments.",D,"Deficient, Provider has date of correction",2026-04-13,1,Y,N,N,N,N,"171 HERITAGE WAY,KALISPELL,MT,59901",2026-08-01
275025,KALISPELL REHABILITATION AND NURSING LLC,171 HERITAGE WAY,KALISPELL,MT,59901,2026-03-12,Health,F,Resident Rights Deficiencies,0553,Allow resident to participate in the development and implementation of his or her person-centered plan of care.,D,"Deficient, Provider has date of correction",2026-04-13,1,Y,N,N,N,N,"171 HERITAGE WAY,KALISPELL,MT,59901",2026-08-01
275025,KALISPELL REHABILITATION AND NURSING LLC,171 HERITAGE WAY,KALISPELL,MT,59901,2026-03-12,Health,F,"Freedom from Abuse, Neglect, and Exploitation Deficiencies",0609,"Timely report suspected abuse, neglect, or theft and report the results of the investigation to proper authorities.",D,"Deficient, Provider has date of correction",2026-04-13,1,Y,N,N,N,N,"171 HERITAGE WAY,KALISPELL,MT,59901",2026-08-01
275025,KALISPELL REHABILITATION AND NURSING LLC,171 HERITAGE WAY,KALISPELL,MT,59901,2026-03-12,Health,F,"Freedom from Abuse, Neglect, and Exploitation Deficiencies",0610,Respond appropriately to all alleged violations.,D,"Deficient, Provider has date of correction",2026-04-13,1,Y,N,N,N,N,"171 HERITAGE WAY,KALISPELL,MT,59901",2026-08-01
275025,KALISPELL REHABILITATION AND NURSING LLC,171 HERITAGE WAY,KALISPELL,MT,59901,2026-03-12,Health,F,Resident Assessment and Care Planning Deficiencies,0657,"Develop the complete care plan within 7 days of the comprehensive assessment; and prepared, reviewed, and revised by a team of health professionals.",D,"Deficient, Provider has date of correction",2026-04-13,1,Y,N,N,N,N,"171 HERITAGE WAY,KALISPELL,MT,59901",2026-08-01
275025,KALISPELL REHABILITATION AND NURSING LLC,171 HERITAGE WAY,KALISPELL,MT,59901,2026-03-12,Health,F,Quality of Life and Care Deficiencies,0677,Provide care and assistance to perform activities of daily living for any resident who is unable.,D,"Deficient, Provider has date of correction",2026-05-30,1,Y,N,N,N,N,"171 HERITAGE WAY,KALISPELL,MT,59901",2026-08-01
275025,KALISPELL REHABILITATION AND NURSING LLC,171 HERITAGE WAY,KALISPELL,MT,59901,2026-03-12,Health,F,Quality of Life and Care Deficiencies,0684,"Provide appropriate treatment and care according to orders, resident’s preferences and goals.",D,"Deficient, Provider has date of correction",2026-04-13,1,Y,N,N,N,N,"171 HERITAGE WAY,KALISPELL,MT,59901",2026-08-01
275025,KALISPELL REHABILITATION AND NURSING LLC,171 HERITAGE WAY,KALISPELL,MT,59901,2026-03-12,Health,F,Quality of Life and Care Deficiencies,0695,Provide safe and appropriate respiratory care for a resident when needed.,D,"Deficient, Provider has date of correction",2026-04-13,1,Y,N,N,N,N,"171 HERITAGE WAY,KALISPELL,MT,59901",2026-08-01
275025,KALISPELL REHABILITATION AND NURSING LLC,171 HERITAGE WAY,KALISPELL,MT,59901,2026-03-12,Health,F,Nursing and Physician Services Deficiencies,0726,Ensure that nurses and nurse aides have the appropriate competencies to care for every resident in a way that maximizes each resident's well being.,D,"Deficient, Provider has date of correction",2026-04-13,1,Y,N,N,N,N,"171 HERITAGE WAY,KALISPELL,MT,59901",2026-08-01
275025,KALISPELL REHABILITATION AND NURSING LLC,171 HERITAGE WAY,KALISPELL,MT,59901,2026-03-12,Health,F,Administration Deficiencies,0849,Arrange for the provision of hospice services or assist the resident in transferring to a facility that will arrange for the provision of hospice services.,D,"Deficient, Provider has date of correction",2026-04-13,1,Y,N,N,N,N,"171 HERITAGE WAY,KALISPELL,MT,59901",2026-08-01
275025,KALISPELL REHABILITATION AND NURSING LLC,171 HERITAGE WAY,KALISPELL,MT,59901,2025-12-17,Health,F,Quality of Life and Care Deficiencies,0689,Ensure that a nursing home area is free from accident hazards and provides adequate supervision to prevent accidents.,G,"Deficient, Provider has date of correction",2026-01-23,1,N,Y,N,N,N,"171 HERITAGE WAY,KALISPELL,MT,59901",2026-08-01
275025,KALISPELL REHABILITATION AND NURSING LLC,171 HERITAGE WAY,KALISPELL,MT,59901,2025-12-17,Health,F,Quality of Life and Care Deficiencies,0744,Provide the appropriate treatment and services to a resident who displays or is diagnosed with dementia.,G,"Deficient, Provider has date of correction",2026-01-23,1,N,Y,N,N,N,"171 HERITAGE WAY,KALISPELL,MT,59901",2026-08-01
275025,KALISPELL REHABILITATION AND NURSING LLC,171 HERITAGE WAY,KALISPELL,MT,59901,2025-12-17,Health,F,Resident Rights Deficiencies,0565,Honor the resident's right to organize and participate in resident/family groups in the facility.,E,"Deficient, Provider has date of correction",2026-01-23,1,N,Y,N,N,N,"171 HERITAGE WAY,KALISPELL,MT,59901",2026-08-01
275025,KALISPELL REHABILITATION AND NURSING LLC,171 HERITAGE WAY,KALISPELL,MT,59901,2025-12-17,Health,F,Resident Rights Deficiencies,0584,"Honor the resident's right to a safe, clean, comfortable and homelike environment, including but not limited to receiving treatment and supports for daily living safely.",E,"Deficient, Provider has date of correction",2026-01-23,1,N,Y,N,N,N,"171 HERITAGE WAY,KALISPELL,MT,59901",2026-08-01
275025,KALISPELL REHABILITATION AND NURSING LLC,171 HERITAGE WAY,KALISPELL,MT,59901,2025-12-17,Health,F,"Freedom from Abuse, Neglect, and Exploitation Deficiencies",0609,"Timely report suspected abuse, neglect, or theft and report the results of the investigation to proper authorities.",E,"Deficient, Provider has date of correction",2026-01-23,1,N,Y,N,N,N,"171 HERITAGE WAY,KALISPELL,MT,59901",2026-08-01
275025,KALISPELL REHABILITATION AND NURSING LLC,171 HERITAGE WAY,KALISPELL,MT,59901,2025-12-17,Health,F,Resident Assessment and Care Planning Deficiencies,0656,"Develop and implement a complete care plan that meets all the resident's needs, with timetables and actions that can be measured.",E,"Deficient, Provider has date of correction",2026-01-23,1,N,Y,N,N,N,"171 HERITAGE WAY,KALISPELL,MT,59901",2026-08-01
275025,KALISPELL REHABILITATION AND NURSING LLC,171 HERITAGE WAY,KALISPELL,MT,59901,2025-12-17,Health,F,Quality of Life and Care Deficiencies,0679,Provide activities to meet all resident's needs.,E,"Deficient, Provider has date of correction",2026-01-23,1,N,Y,N,N,N,"171 HERITAGE WAY,KALISPELL,MT,59901",2026-08-01
275025,KALISPELL REHABILITATION AND NURSING LLC,171 HERITAGE WAY,KALISPELL,MT,59901,2025-12-17,Health,F,Resident Assessment and Care Planning Deficiencies,0641,Ensure each resident receives an accurate assessment.,D,"Deficient, Provider has date of correction",2026-01-23,1,N,Y,N,N,N,"171 HERITAGE WAY,KALISPELL,MT,59901",2026-08-01
275025,KALISPELL REHABILITATION AND NURSING LLC,171 HERITAGE WAY,KALISPELL,MT,59901,2025-01-16,Health,F,Nursing and Physician Services Deficiencies,0725,Provide enough nursing staff every day to meet the needs of every resident; and have a licensed nurse in charge on each shift.,F,"Deficient, Provider has date of correction",2025-02-20,2,Y,N,N,N,N,"171 HERITAGE WAY,KALISPELL,MT,59901",2026-08-01
275025,KALISPELL REHABILITATION AND NURSING LLC,171 HERITAGE WAY,KALISPELL,MT,59901,2025-01-16,Health,F,Infection Control Deficiencies,0880,Provide and implement an infection prevention and control program.,F,"Deficient, Provider has date of correction",2025-02-20,2,Y,N,N,N,N,"171 HERITAGE WAY,KALISPELL,MT,59901",2026-08-01
275025,KALISPELL REHABILITATION AND NURSING LLC,171 HERITAGE WAY,KALISPELL,MT,59901,2025-01-16,Health,F,Resident Rights Deficiencies,0584,"Honor the resident's right to a safe, clean, comfortable and homelike environment, including but not limited to receiving treatment and supports for daily living safely.",E,"Deficient, Provider has date of correction",2025-02-20,2,Y,N,N,N,N,"171 HERITAGE WAY,KALISPELL,MT,59901",2026-08-01
275025,KALISPELL REHABILITATION AND NURSING LLC,171 HERITAGE WAY,KALISPELL,MT,59901,2025-01-16,Health,F,Resident Rights Deficiencies,0585,Honor the resident's right to voice grievances without discrimination or reprisal and the facility must establish a grievance policy and make prompt efforts to resolve grievances.,E,"Deficient, Provider has date of correction",2025-02-20,2,Y,N,N,N,N,"171 HERITAGE WAY,KALISPELL,MT,59901",2026-08-01
275025,KALISPELL REHABILITATION AND NURSING LLC,171 HERITAGE WAY,KALISPELL,MT,59901,2025-01-16,Health,F,Quality of Life and Care Deficiencies,0689,Ensure that a nursing home area is free from accident hazards and provides adequate supervision to prevent accidents.,E,"Deficient, Provider has date of correction",2025-02-20,2,Y,Y,N,N,N,"171 HERITAGE WAY,KALISPELL,MT,59901",2026-08-01
275025,KALISPELL REHABILITATION AND NURSING LLC,171 HERITAGE WAY,KALISPELL,MT,59901,2025-01-16,Health,F,Quality of Life and Care Deficiencies,0697,"Provide safe, appropriate pain management for a resident who requires such services.",E,"Deficient, Provider has date of correction",2025-02-20,2,Y,N,N,N,N,"171 HERITAGE WAY,KALISPELL,MT,59901",2026-08-01
275025,KALISPELL REHABILITATION AND NURSING LLC,171 HERITAGE WAY,KALISPELL,MT,59901,2025-01-16,Health,F,Quality of Life and Care Deficiencies,0791,Provide or obtain dental services for each resident.,E,"Deficient, Provider has date of correction",2025-02-20,2,Y,N,N,N,N,"171 HERITAGE WAY,KALISPELL,MT,59901",2026-08-01
275025,KALISPELL REHABILITATION AND NURSING LLC,171 HERITAGE WAY,KALISPELL,MT,59901,2025-01-16,Health,F,Nutrition and Dietary Deficiencies,0804,"Ensure food and drink is palatable, attractive, and at a safe and appetizing temperature.",E,"Deficient, Provider has date of correction",2025-02-20,2,Y,N,N,N,N,"171 HERITAGE WAY,KALISPELL,MT,59901",2026-08-01
275025,KALISPELL REHABILITATION AND NURSING LLC,171 HERITAGE WAY,KALISPELL,MT,59901,2025-01-16,Health,F,Resident Assessment and Care Planning Deficiencies,0644,Coordinate assessments with the pre-admission screening and resident review program; and referring for services as needed.,D,"Deficient, Provider has date of correction",2025-02-20,2,Y,N,N,N,N,"171 HERITAGE WAY,KALISPELL,MT,59901",2026-08-01
275025,KALISPELL REHABILITATION AND NURSING LLC,171 HERITAGE WAY,KALISPELL,MT,59901,2025-01-16,Health,F,Resident Assessment and Care Planning Deficiencies,0655,Create and put into place a plan for meeting the resident's most immediate needs within 48 hours of being admitted,D,"Deficient, Provider has date of correction",2025-02-20,2,Y,N,N,N,N,"171 HERITAGE WAY,KALISPELL,MT,59901",2026-08-01
275025,KALISPELL REHABILITATION AND NURSING LLC,171 HERITAGE WAY,KALISPELL,MT,59901,2025-01-16,Health,F,Quality of Life and Care Deficiencies,0677,Provide care and assistance to perform activities of daily living for any resident who is unable.,D,"Deficient, Provider has date of correction",2025-02-20,2,Y,N,N,N,N,"171 HERITAGE WAY,KALISPELL,MT,59901",2026-08-01
275025,KALISPELL REHABILITATION AND NURSING LLC,171 HERITAGE WAY,KALISPELL,MT,59901,2025-01-16,Health,F,Quality of Life and Care Deficiencies,0684,"Provide appropriate treatment and care according to orders, resident’s preferences and goals.",D,"Deficient, Provider has date of correction",2025-02-20,2,Y,N,N,N,N,"171 HERITAGE WAY,KALISPELL,MT,59901",2026-08-01
275025,KALISPELL REHABILITATION AND NURSING LLC,171 HERITAGE WAY,KALISPELL,MT,59901,2025-01-16,Health,F,Quality of Life and Care Deficiencies,0742,"Provide the appropriate treatment and services to a resident who displays or is diagnosed with mental disorder or psychosocial adjustment difficulty, or who has a history of trauma and/or post-traumatic stress disorder.",D,"Deficient, Provider has date of correction",2025-02-20,2,Y,N,N,N,N,"171 HERITAGE WAY,KALISPELL,MT,59901",2026-08-01
275025,KALISPELL REHABILITATION AND NURSING LLC,171 HERITAGE WAY,KALISPELL,MT,59901,2025-01-16,Health,F,Pharmacy Service Deficiencies,0759,Ensure medication error rates are not 5 percent or greater.,D,"Deficient, Provider has date of correction",2025-02-20,2,Y,Y,N,N,N,"171 HERITAGE WAY,KALISPELL,MT,59901",2026-08-01
275025,KALISPELL REHABILITATION AND NURSING LLC,171 HERITAGE WAY,KALISPELL,MT,59901,2025-01-16,Health,F,Nutrition and Dietary Deficiencies,0803,"Ensure menus must meet the nutritional needs of residents, be prepared in advance, be followed, be updated, be reviewed by dietician, and meet the needs of the resident.",D,"Deficient, Provider has date of correction",2025-02-20,2,Y,N,N,N,N,"171 HERITAGE WAY,KALISPELL,MT,59901",2026-08-01
275025,KALISPELL REHABILITATION AND NURSING LLC,171 HERITAGE WAY,KALISPELL,MT,59901,2025-01-16,Health,F,Nutrition and Dietary Deficiencies,0808,"Ensure therapeutic diets are prescribed by the attending physician and may be delegated to a registered or licensed dietitian, to the extent allowed by State law.",D,"Deficient, Provider has date of correction",2025-02-20,2,Y,N,N,N,N,"171 HERITAGE WAY,KALISPELL,MT,59901",2026-08-01
275025,KALISPELL REHABILITATION AND NURSING LLC,171 HERITAGE WAY,KALISPELL,MT,59901,2024-08-28,Health,F,Nursing and Physician Services Deficiencies,0726,Ensure that nurses and nurse aides have the appropriate competencies to care for every resident in a way that maximizes each resident's well being.,J,"Deficient, Provider has date of correction",2024-09-27,2,N,Y,N,N,N,"171 HERITAGE WAY,KALISPELL,MT,59901",2026-08-01
275025,KALISPELL REHABILITATION AND NURSING LLC,171 HERITAGE WAY,KALISPELL,MT,59901,2024-08-28,Health,F,Pharmacy Service Deficiencies,0760,Ensure that residents are free from significant medication errors.,J,"Deficient, Provider has date of correction",2024-11-27,2,N,Y,N,N,N,"171 HERITAGE WAY,KALISPELL,MT,59901",2026-08-01
275025,KALISPELL REHABILITATION AND NURSING LLC,171 HERITAGE WAY,KALISPELL,MT,59901,2024-08-28,Health,F,"Freedom from Abuse, Neglect, and Exploitation Deficiencies",0600,"Protect each resident from all types of abuse such as physical, mental, sexual abuse, physical punishment, and neglect by anybody.",G,"Deficient, Provider has date of correction",2024-11-27,2,N,Y,N,N,N,"171 HERITAGE WAY,KALISPELL,MT,59901",2026-08-01
275025,KALISPELL REHABILITATION AND NURSING LLC,171 HERITAGE WAY,KALISPELL,MT,59901,2024-08-28,Health,F,Quality of Life and Care Deficiencies,0689,Ensure that a nursing home area is free from accident hazards and provides adequate supervision to prevent accidents.,G,"Deficient, Provider has date of correction",2024-11-27,2,N,Y,N,N,N,"171 HERITAGE WAY,KALISPELL,MT,59901",2026-08-01
275025,KALISPELL REHABILITATION AND NURSING LLC,171 HERITAGE WAY,KALISPELL,MT,59901,2024-08-28,Health,F,Resident Assessment and Care Planning Deficiencies,0842,Safeguard resident-identifiable information and/or maintain medical records on each resident that are in accordance with accepted professional standards.,E,"Deficient, Provider has date of correction",2024-11-27,2,N,Y,N,N,N,"171 HERITAGE WAY,KALISPELL,MT,59901",2026-08-01
275025,KALISPELL REHABILITATION AND NURSING LLC,171 HERITAGE WAY,KALISPELL,MT,59901,2024-08-28,Health,F,"Freedom from Abuse, Neglect, and Exploitation Deficiencies",0609,"Timely report suspected abuse, neglect, or theft and report the results of the investigation to proper authorities.",D,"Deficient, Provider has date of correction",2024-09-27,2,N,Y,N,N,N,"171 HERITAGE WAY,KALISPELL,MT,59901",2026-08-01
275025,KALISPELL REHABILITATION AND NURSING LLC,171 HERITAGE WAY,KALISPELL,MT,59901,2024-08-28,Health,F,"Freedom from Abuse, Neglect, and Exploitation Deficiencies",0610,Respond appropriately to all alleged violations.,D,"Deficient, Provider has date of correction",2024-09-27,2,N,Y,N,N,N,"171 HERITAGE WAY,KALISPELL,MT,59901",2026-08-01
275025,KALISPELL REHABILITATION AND NURSING LLC,171 HERITAGE WAY,KALISPELL,MT,59901,2024-06-05,Health,F,Resident Rights Deficiencies,0584,"Honor the resident's right to a safe, clean, comfortable and homelike environment, including but not limited to receiving treatment and supports for daily living safely.",E,"Deficient, Provider has date of correction",2024-07-03,3,N,Y,N,N,N,"171 HERITAGE WAY,KALISPELL,MT,59901",2026-08-01
275025,KALISPELL REHABILITATION AND NURSING LLC,171 HERITAGE WAY,KALISPELL,MT,59901,2024-06-05,Health,F,Quality of Life and Care Deficiencies,0679,Provide activities to meet all resident's needs.,E,"Deficient, Provider has date of correction",2024-07-03,3,N,Y,N,N,N,"171 HERITAGE WAY,KALISPELL,MT,59901",2026-08-01
275025,KALISPELL REHABILITATION AND NURSING LLC,171 HERITAGE WAY,KALISPELL,MT,59901,2024-06-05,Health,F,Resident Assessment and Care Planning Deficiencies,0658,Ensure services provided by the nursing facility meet professional standards of quality.,D,"Deficient, Provider has date of correction",2024-07-03,3,N,Y,N,N,N,"171 HERITAGE WAY,KALISPELL,MT,59901",2026-08-01
275025,KALISPELL REHABILITATION AND NURSING LLC,171 HERITAGE WAY,KALISPELL,MT,59901,2024-06-05,Health,F,Quality of Life and Care Deficiencies,0677,Provide care and assistance to perform activities of daily living for any resident who is unable.,D,"Deficient, Provider has date of correction",2024-07-03,3,N,Y,N,N,N,"171 HERITAGE WAY,KALISPELL,MT,59901",2026-08-01
275025,KALISPELL REHABILITATION AND NURSING LLC,171 HERITAGE WAY,KALISPELL,MT,59901,2024-06-05,Health,F,Infection Control Deficiencies,0880,Provide and implement an infection prevention and control program.,D,"Deficient, Provider has date of correction",2024-07-03,3,N,Y,N,N,N,"171 HERITAGE WAY,KALISPELL,MT,59901",2026-08-01
275025,KALISPELL REHABILITATION AND NURSING LLC,171 HERITAGE WAY,KALISPELL,MT,59901,2024-04-09,Health,F,Resident Rights Deficiencies,0584,"Honor the resident's right to a safe, clean, comfortable and homelike environment, including but not limited to receiving treatment and supports for daily living safely.",E,"Deficient, Provider has date of correction",2024-05-07,3,N,Y,N,N,N,"171 HERITAGE WAY,KALISPELL,MT,59901",2026-08-01
275025,KALISPELL REHABILITATION AND NURSING LLC,171 HERITAGE WAY,KALISPELL,MT,59901,2024-04-09,Health,F,Resident Assessment and Care Planning Deficiencies,0656,"Develop and implement a complete care plan that meets all the resident's needs, with timetables and actions that can be measured.",D,"Deficient, Provider has date of correction",2024-05-07,3,N,Y,N,N,N,"171 HERITAGE WAY,KALISPELL,MT,59901",2026-08-01
275025,KALISPELL REHABILITATION AND NURSING LLC,171 HERITAGE WAY,KALISPELL,MT,59901,2024-04-09,Health,F,Quality of Life and Care Deficiencies,0689,Ensure that a nursing home area is free from accident hazards and provides adequate supervision to prevent accidents.,D,"Deficient, Provider has date of correction",2024-05-07,3,N,Y,N,N,N,"171 HERITAGE WAY,KALISPELL,MT,59901",2026-08-01
275025,KALISPELL REHABILITATION AND NURSING LLC,171 HERITAGE WAY,KALISPELL,MT,59901,2024-01-31,Health,F,Resident Rights Deficiencies,0558,Reasonably accommodate the needs and preferences of each resident.,D,"Deficient, Provider has date of correction",2024-02-19,3,N,Y,N,N,N,"171 HERITAGE WAY,KALISPELL,MT,59901",2026-08-01
275025,KALISPELL REHABILITATION AND NURSING LLC,171 HERITAGE WAY,KALISPELL,MT,59901,2024-01-31,Health,F,"Freedom from Abuse, Neglect, and Exploitation Deficiencies",0600,"Protect each resident from all types of abuse such as physical, mental, sexual abuse, physical punishment, and neglect by anybody.",D,Past Non-Compliance,2024-01-29,3,N,Y,N,N,N,"171 HERITAGE WAY,KALISPELL,MT,59901",2026-08-01
275025,KALISPELL REHABILITATION AND NURSING LLC,171 HERITAGE WAY,KALISPELL,MT,59901,2024-01-31,Health,F,Nursing and Physician Services Deficiencies,0726,Ensure that nurses and nurse aides have the appropriate competencies to care for every resident in a way that maximizes each resident's well being.,D,"Deficient, Provider has date of correction",2024-02-19,3,N,Y,N,N,N,"171 HERITAGE WAY,KALISPELL,MT,59901",2026-08-01
275025,KALISPELL REHABILITATION AND NURSING LLC,171 HERITAGE WAY,KALISPELL,MT,59901,2023-12-21,Health,F,Nutrition and Dietary Deficiencies,0812,"Procure food from sources approved or considered satisfactory and store, prepare, distribute and serve food in accordance with professional standards.",F,"Deficient, Provider has date of correction",2024-01-29,3,Y,N,N,N,N,"171 HERITAGE WAY,KALISPELL,MT,59901",2026-08-01
275025,KALISPELL REHABILITATION AND NURSING LLC,171 HERITAGE WAY,KALISPELL,MT,59901,2023-12-21,Health,F,Administration Deficiencies,0851,"Electronically submit to CMS complete and accurate direct care staffing information, based on payroll and other verifiable and auditable data.",F,"Deficient, Provider has date of correction",2024-01-29,3,Y,N,N,N,N,"171 HERITAGE WAY,KALISPELL,MT,59901",2026-08-01
275025,KALISPELL REHABILITATION AND NURSING LLC,171 HERITAGE WAY,KALISPELL,MT,59901,2023-12-21,Health,F,Infection Control Deficiencies,0880,Provide and implement an infection prevention and control program.,F,"Deficient, Provider has date of correction",2024-01-29,3,Y,N,N,N,N,"171 HERITAGE WAY,KALISPELL,MT,59901",2026-08-01
275025,KALISPELL REHABILITATION AND NURSING LLC,171 HERITAGE WAY,KALISPELL,MT,59901,2023-12-21,Health,F,Resident Assessment and Care Planning Deficiencies,0636,"Assess the resident completely in a timely manner  when first admitted, and then periodically, at least every 12 months.",E,"Deficient, Provider has date of correction",2024-01-29,3,Y,N,N,N,N,"171 HERITAGE WAY,KALISPELL,MT,59901",2026-08-01
275025,KALISPELL REHABILITATION AND NURSING LLC,171 HERITAGE WAY,KALISPELL,MT,59901,2023-12-21,Health,F,Quality of Life and Care Deficiencies,0677,Provide care and assistance to perform activities of daily living for any resident who is unable.,E,"Deficient, Provider has date of correction",2024-01-29,3,Y,N,N,N,N,"171 HERITAGE WAY,KALISPELL,MT,59901",2026-08-01
275025,KALISPELL REHABILITATION AND NURSING LLC,171 HERITAGE WAY,KALISPELL,MT,59901,2023-12-21,Health,F,Nursing and Physician Services Deficiencies,0725,Provide enough nursing staff every day to meet the needs of every resident; and have a licensed nurse in charge on each shift.,E,"Deficient, Provider has date of correction",2024-01-29,3,Y,N,N,N,N,"171 HERITAGE WAY,KALISPELL,MT,59901",2026-08-01
275025,KALISPELL REHABILITATION AND NURSING LLC,171 HERITAGE WAY,KALISPELL,MT,59901,2023-12-21,Health,F,Resident Rights Deficiencies,0561,Honor the resident's right to and the facility must promote and facilitate resident self-determination through support of resident choice.,D,"Deficient, Provider has date of correction",2024-01-29,3,Y,N,N,N,N,"171 HERITAGE WAY,KALISPELL,MT,59901",2026-08-01
275025,KALISPELL REHABILITATION AND NURSING LLC,171 HERITAGE WAY,KALISPELL,MT,59901,2023-12-21,Health,F,Resident Rights Deficiencies,0580,"Immediately tell the resident, the resident's doctor, and a family member of situations (injury/decline/room, etc.)  that affect the resident.",D,"Deficient, Provider has date of correction",2024-01-29,3,Y,N,N,N,N,"171 HERITAGE WAY,KALISPELL,MT,59901",2026-08-01
275025,KALISPELL REHABILITATION AND NURSING LLC,171 HERITAGE WAY,KALISPELL,MT,59901,2023-12-21,Health,F,Resident Assessment and Care Planning Deficiencies,0656,"Develop and implement a complete care plan that meets all the resident's needs, with timetables and actions that can be measured.",D,"Deficient, Provider has date of correction",2024-01-29,3,Y,N,N,N,N,"171 HERITAGE WAY,KALISPELL,MT,59901",2026-08-01
275025,KALISPELL REHABILITATION AND NURSING LLC,171 HERITAGE WAY,KALISPELL,MT,59901,2023-12-21,Health,F,Resident Assessment and Care Planning Deficiencies,0657,"Develop the complete care plan within 7 days of the comprehensive assessment; and prepared, reviewed, and revised by a team of health professionals.",D,"Deficient, Provider has date of correction",2024-01-29,3,Y,N,N,N,N,"171 HERITAGE WAY,KALISPELL,MT,59901",2026-08-01
275025,KALISPELL REHABILITATION AND NURSING LLC,171 HERITAGE WAY,KALISPELL,MT,59901,2023-12-21,Health,F,Resident Assessment and Care Planning Deficiencies,0658,Ensure services provided by the nursing facility meet professional standards of quality.,D,"Deficient, Provider has date of correction",2024-01-29,3,Y,N,N,N,N,"171 HERITAGE WAY,KALISPELL,MT,59901",2026-08-01
275025,KALISPELL REHABILITATION AND NURSING LLC,171 HERITAGE WAY,KALISPELL,MT,59901,2023-12-21,Health,F,Quality of Life and Care Deficiencies,0689,Ensure that a nursing home area is free from accident hazards and provides adequate supervision to prevent accidents.,D,"Deficient, Provider has date of correction",2024-01-29,3,Y,N,N,N,N,"171 HERITAGE WAY,KALISPELL,MT,59901",2026-08-01
275025,KALISPELL REHABILITATION AND NURSING LLC,171 HERITAGE WAY,KALISPELL,MT,59901,2023-12-21,Health,F,Quality of Life and Care Deficiencies,0740,Ensure each resident must receive and the facility must provide necessary behavioral health care and services.,D,"Deficient, Provider has date of correction",2024-01-29,3,Y,N,N,N,N,"171 HERITAGE WAY,KALISPELL,MT,59901",2026-08-01
275025,KALISPELL REHABILITATION AND NURSING LLC,171 HERITAGE WAY,KALISPELL,MT,59901,2023-12-21,Health,F,Quality of Life and Care Deficiencies,0791,Provide or obtain dental services for each resident.,D,"Deficient, Provider has date of correction",2024-01-29,3,Y,N,N,N,N,"171 HERITAGE WAY,KALISPELL,MT,59901",2026-08-01
275025,KALISPELL REHABILITATION AND NURSING LLC,171 HERITAGE WAY,KALISPELL,MT,59901,2023-12-21,Health,F,Resident Rights Deficiencies,0584,"Honor the resident's right to a safe, clean, comfortable and homelike environment, including but not limited to receiving treatment and supports for daily living safely.",C,"Deficient, Provider has date of correction",2024-01-29,3,Y,N,N,N,N,"171 HERITAGE WAY,KALISPELL,MT,59901",2026-08-01
275025,KALISPELL REHABILITATION AND NURSING LLC,171 HERITAGE WAY,KALISPELL,MT,59901,2023-10-12,Health,F,Quality of Life and Care Deficiencies,0689,Ensure that a nursing home area is free from accident hazards and provides adequate supervision to prevent accidents.,G,"Deficient, Provider has date of correction",2023-11-02,3,N,Y,N,N,N,"171 HERITAGE WAY,KALISPELL,MT,59901",2026-08-01
275025,KALISPELL REHABILITATION AND NURSING LLC,171 HERITAGE WAY,KALISPELL,MT,59901,2023-10-12,Health,F,Resident Rights Deficiencies,0578,"Honor the resident's right to request, refuse, and/or discontinue treatment, to participate in or refuse to participate in experimental research, and to formulate an advance directive.",D,"Deficient, Provider has date of correction",2023-11-03,3,N,Y,N,N,N,"171 HERITAGE WAY,KALISPELL,MT,59901",2026-08-01
275025,KALISPELL REHABILITATION AND NURSING LLC,171 HERITAGE WAY,KALISPELL,MT,59901,2023-10-12,Health,F,Resident Rights Deficiencies,0585,Honor the resident's right to voice grievances without discrimination or reprisal and the facility must establish a grievance policy and make prompt efforts to resolve grievances.,D,"Deficient, Provider has date of correction",2023-11-03,3,N,Y,N,N,N,"171 HERITAGE WAY,KALISPELL,MT,59901",2026-08-01
275025,KALISPELL REHABILITATION AND NURSING LLC,171 HERITAGE WAY,KALISPELL,MT,59901,2023-10-12,Health,F,"Freedom from Abuse, Neglect, and Exploitation Deficiencies",0600,"Protect each resident from all types of abuse such as physical, mental, sexual abuse, physical punishment, and neglect by anybody.",D,"Deficient, Provider has date of correction",2023-11-02,3,N,Y,N,N,N,"171 HERITAGE WAY,KALISPELL,MT,59901",2026-08-01
275025,KALISPELL REHABILITATION AND NURSING LLC,171 HERITAGE WAY,KALISPELL,MT,59901,2023-08-30,Health,F,Nursing and Physician Services Deficiencies,0725,Provide enough nursing staff every day to meet the needs of every resident; and have a licensed nurse in charge on each shift.,F,"Deficient, Provider has date of correction",2023-09-20,3,N,Y,N,N,N,"171 HERITAGE WAY,KALISPELL,MT,59901",2026-08-01
275025,KALISPELL REHABILITATION AND NURSING LLC,171 HERITAGE WAY,KALISPELL,MT,59901,2023-08-30,Health,F,"Freedom from Abuse, Neglect, and Exploitation Deficiencies",0600,"Protect each resident from all types of abuse such as physical, mental, sexual abuse, physical punishment, and neglect by anybody.",D,"Deficient, Provider has date of correction",2023-09-20,3,N,Y,N,N,N,"171 HERITAGE WAY,KALISPELL,MT,59901",2026-08-01
275029,YELLOWSTONE RIVER NURSING AND REHABILITATION,2115 CENTRAL AVE,BILLINGS,MT,59102,2026-05-06,Health,F,Quality of Life and Care Deficiencies,0689,Ensure that a nursing home area is free from accident hazards and provides adequate supervision to prevent accidents.,G,Past Non-Compliance,2026-03-07,1,N,Y,N,N,N,"2115 CENTRAL AVE,BILLINGS,MT,59102",2026-08-01
275029,YELLOWSTONE RIVER NURSING AND REHABILITATION,2115 CENTRAL AVE,BILLINGS,MT,59102,2026-05-06,Health,F,Pharmacy Service Deficiencies,0760,Ensure that residents are free from significant medication errors.,G,"Deficient, Provider has date of correction",2026-05-22,1,N,Y,N,Y,N,"2115 CENTRAL AVE,BILLINGS,MT,59102",2026-08-01
275029,YELLOWSTONE RIVER NURSING AND REHABILITATION,2115 CENTRAL AVE,BILLINGS,MT,59102,2026-05-06,Health,F,Resident Assessment and Care Planning Deficiencies,0637,Assess the resident when there is a significant change in condition,D,"Deficient, Provider has date of correction",2026-05-22,1,N,Y,N,N,N,"2115 CENTRAL AVE,BILLINGS,MT,59102",2026-08-01
275029,YELLOWSTONE RIVER NURSING AND REHABILITATION,2115 CENTRAL AVE,BILLINGS,MT,59102,2026-05-06,Health,F,Resident Assessment and Care Planning Deficiencies,0645,PASARR screening for Mental disorders or Intellectual Disabilities,D,"Deficient, Provider has date of correction",2026-05-22,1,N,Y,N,Y,N,"2115 CENTRAL AVE,BILLINGS,MT,59102",2026-08-01
275029,YELLOWSTONE RIVER NURSING AND REHABILITATION,2115 CENTRAL AVE,BILLINGS,MT,59102,2026-05-06,Health,F,Quality of Life and Care Deficiencies,0692,Provide enough food/fluids to maintain a resident's health.,D,"Deficient, Provider has date of correction",2026-05-22,1,N,Y,N,N,N,"2115 CENTRAL AVE,BILLINGS,MT,59102",2026-08-01
275029,YELLOWSTONE RIVER NURSING AND REHABILITATION,2115 CENTRAL AVE,BILLINGS,MT,59102,2026-05-06,Health,F,Quality of Life and Care Deficiencies,0698,"Provide safe, appropriate dialysis care/services for a resident who requires such services.",D,"Deficient, Provider has date of correction",2026-05-22,1,N,Y,N,N,N,"2115 CENTRAL AVE,BILLINGS,MT,59102",2026-08-01
275029,YELLOWSTONE RIVER NURSING AND REHABILITATION,2115 CENTRAL AVE,BILLINGS,MT,59102,2025-12-31,Health,F,Quality of Life and Care Deficiencies,0677,Provide care and assistance to perform activities of daily living for any resident who is unable.,D,Past Non-Compliance,2025-12-09,1,N,Y,N,N,N,"2115 CENTRAL AVE,BILLINGS,MT,59102",2026-08-01
275029,YELLOWSTONE RIVER NURSING AND REHABILITATION,2115 CENTRAL AVE,BILLINGS,MT,59102,2025-11-19,Health,F,Administration Deficiencies,0850,Hire a qualified full-time social worker in a facility with more than 120 beds.,E,"Deficient, Provider has date of correction",2025-12-14,1,N,Y,N,N,N,"2115 CENTRAL AVE,BILLINGS,MT,59102",2026-08-01
275029,YELLOWSTONE RIVER NURSING AND REHABILITATION,2115 CENTRAL AVE,BILLINGS,MT,59102,2025-11-19,Health,F,Resident Assessment and Care Planning Deficiencies,0656,"Develop and implement a complete care plan that meets all the resident's needs, with timetables and actions that can be measured.",D,"Deficient, Provider has date of correction",2025-12-14,1,N,Y,N,N,N,"2115 CENTRAL AVE,BILLINGS,MT,59102",2026-08-01
275029,YELLOWSTONE RIVER NURSING AND REHABILITATION,2115 CENTRAL AVE,BILLINGS,MT,59102,2025-11-19,Health,F,Nursing and Physician Services Deficiencies,0711,"Ensure the resident's doctor reviews the resident's care, writes, signs and dates progress notes and orders, at each required visit.",D,"Deficient, Provider has date of correction",2025-12-14,1,N,Y,N,N,N,"2115 CENTRAL AVE,BILLINGS,MT,59102",2026-08-01
275029,YELLOWSTONE RIVER NURSING AND REHABILITATION,2115 CENTRAL AVE,BILLINGS,MT,59102,2025-11-19,Health,F,Quality of Life and Care Deficiencies,0740,Ensure each resident must receive and the facility must provide necessary behavioral health care and services.,D,"Deficient, Provider has date of correction",2025-12-14,1,N,Y,N,N,N,"2115 CENTRAL AVE,BILLINGS,MT,59102",2026-08-01
275029,YELLOWSTONE RIVER NURSING AND REHABILITATION,2115 CENTRAL AVE,BILLINGS,MT,59102,2025-11-19,Health,F,Quality of Life and Care Deficiencies,0745,Provide medically-related social services to help each resident achieve the highest possible quality of life.,D,"Deficient, Provider has date of correction",2025-12-14,1,N,Y,N,N,N,"2115 CENTRAL AVE,BILLINGS,MT,59102",2026-08-01
275029,YELLOWSTONE RIVER NURSING AND REHABILITATION,2115 CENTRAL AVE,BILLINGS,MT,59102,2025-08-28,Health,F,Quality of Life and Care Deficiencies,0686,Provide appropriate pressure ulcer care and prevent new ulcers from developing.,G,"Deficient, Provider has date of correction",2025-09-19,1,Y,N,N,N,N,"2115 CENTRAL AVE,BILLINGS,MT,59102",2026-08-01
275029,YELLOWSTONE RIVER NURSING AND REHABILITATION,2115 CENTRAL AVE,BILLINGS,MT,59102,2025-08-28,Health,F,Quality of Life and Care Deficiencies,0692,Provide enough food/fluids to maintain a resident's health.,G,"Deficient, Provider has date of correction",2025-09-19,1,Y,N,N,N,N,"2115 CENTRAL AVE,BILLINGS,MT,59102",2026-08-01
275029,YELLOWSTONE RIVER NURSING AND REHABILITATION,2115 CENTRAL AVE,BILLINGS,MT,59102,2025-08-28,Health,F,Resident Rights Deficiencies,0585,Honor the resident's right to voice grievances without discrimination or reprisal and the facility must establish a grievance policy and make prompt efforts to resolve grievances.,E,"Deficient, Provider has date of correction",2025-09-19,1,Y,N,N,N,N,"2115 CENTRAL AVE,BILLINGS,MT,59102",2026-08-01
275029,YELLOWSTONE RIVER NURSING AND REHABILITATION,2115 CENTRAL AVE,BILLINGS,MT,59102,2025-08-28,Health,F,Nutrition and Dietary Deficiencies,0812,"Procure food from sources approved or considered satisfactory and store, prepare, distribute and serve food in accordance with professional standards.",E,"Deficient, Provider has date of correction",2025-09-19,1,Y,N,N,N,N,"2115 CENTRAL AVE,BILLINGS,MT,59102",2026-08-01
275029,YELLOWSTONE RIVER NURSING AND REHABILITATION,2115 CENTRAL AVE,BILLINGS,MT,59102,2025-08-28,Health,F,Resident Rights Deficiencies,0550,"Honor the resident's right to a dignified existence, self-determination, communication, and to exercise his or her rights.",D,"Deficient, Provider has date of correction",2025-09-19,1,Y,N,N,N,N,"2115 CENTRAL AVE,BILLINGS,MT,59102",2026-08-01
275029,YELLOWSTONE RIVER NURSING AND REHABILITATION,2115 CENTRAL AVE,BILLINGS,MT,59102,2025-08-28,Health,F,Quality of Life and Care Deficiencies,0684,"Provide appropriate treatment and care according to orders, resident’s preferences and goals.",D,"Deficient, Provider has date of correction",2025-09-19,1,Y,N,N,N,N,"2115 CENTRAL AVE,BILLINGS,MT,59102",2026-08-01
275029,YELLOWSTONE RIVER NURSING AND REHABILITATION,2115 CENTRAL AVE,BILLINGS,MT,59102,2025-08-28,Health,F,Quality of Life and Care Deficiencies,0695,Provide safe and appropriate respiratory care for a resident when needed.,D,"Deficient, Provider has date of correction",2025-09-19,1,Y,N,N,N,N,"2115 CENTRAL AVE,BILLINGS,MT,59102",2026-08-01
275029,YELLOWSTONE RIVER NURSING AND REHABILITATION,2115 CENTRAL AVE,BILLINGS,MT,59102,2025-06-05,Health,F,Quality of Life and Care Deficiencies,0689,Ensure that a nursing home area is free from accident hazards and provides adequate supervision to prevent accidents.,J,"Deficient, Provider has date of correction",2025-06-20,2,N,Y,N,N,N,"2115 CENTRAL AVE,BILLINGS,MT,59102",2026-08-01
275029,YELLOWSTONE RIVER NURSING AND REHABILITATION,2115 CENTRAL AVE,BILLINGS,MT,59102,2025-06-05,Health,F,Nursing and Physician Services Deficiencies,0726,Ensure that nurses and nurse aides have the appropriate competencies to care for every resident in a way that maximizes each resident's well being.,E,"Deficient, Provider has date of correction",2025-06-20,2,N,Y,N,N,N,"2115 CENTRAL AVE,BILLINGS,MT,59102",2026-08-01
275029,YELLOWSTONE RIVER NURSING AND REHABILITATION,2115 CENTRAL AVE,BILLINGS,MT,59102,2025-06-05,Health,F,"Freedom from Abuse, Neglect, and Exploitation Deficiencies",0610,Respond appropriately to all alleged violations.,D,"Deficient, Provider has date of correction",2025-06-20,2,N,Y,N,N,N,"2115 CENTRAL AVE,BILLINGS,MT,59102",2026-08-01
275029,YELLOWSTONE RIVER NURSING AND REHABILITATION,2115 CENTRAL AVE,BILLINGS,MT,59102,2025-06-05,Health,F,Resident Assessment and Care Planning Deficiencies,0657,"Develop the complete care plan within 7 days of the comprehensive assessment; and prepared, reviewed, and revised by a team of health professionals.",D,"Deficient, Provider has date of correction",2025-06-20,2,N,Y,N,N,N,"2115 CENTRAL AVE,BILLINGS,MT,59102",2026-08-01
275029,YELLOWSTONE RIVER NURSING AND REHABILITATION,2115 CENTRAL AVE,BILLINGS,MT,59102,2025-03-27,Health,F,Nutrition and Dietary Deficiencies,0804,"Ensure food and drink is palatable, attractive, and at a safe and appetizing temperature.",E,"Deficient, Provider has date of correction",2025-04-18,2,N,Y,N,N,N,"2115 CENTRAL AVE,BILLINGS,MT,59102",2026-08-01
275029,YELLOWSTONE RIVER NURSING AND REHABILITATION,2115 CENTRAL AVE,BILLINGS,MT,59102,2025-03-27,Health,F,Resident Rights Deficiencies,0550,"Honor the resident's right to a dignified existence, self-determination, communication, and to exercise his or her rights.",D,"Deficient, Provider has date of correction",2025-04-18,2,N,Y,N,N,N,"2115 CENTRAL AVE,BILLINGS,MT,59102",2026-08-01
275029,YELLOWSTONE RIVER NURSING AND REHABILITATION,2115 CENTRAL AVE,BILLINGS,MT,59102,2025-03-27,Health,F,Resident Rights Deficiencies,0559,Honor the resident's right to share a room with spouse or roommate of choice and receive written notice before a change is made.,D,"Deficient, Provider has date of correction",2025-04-18,2,N,Y,N,N,N,"2115 CENTRAL AVE,BILLINGS,MT,59102",2026-08-01
275029,YELLOWSTONE RIVER NURSING AND REHABILITATION,2115 CENTRAL AVE,BILLINGS,MT,59102,2025-03-27,Health,F,Resident Rights Deficiencies,0580,"Immediately tell the resident, the resident's doctor, and a family member of situations (injury/decline/room, etc.)  that affect the resident.",D,"Deficient, Provider has date of correction",2025-04-18,2,N,Y,N,N,N,"2115 CENTRAL AVE,BILLINGS,MT,59102",2026-08-01
275029,YELLOWSTONE RIVER NURSING AND REHABILITATION,2115 CENTRAL AVE,BILLINGS,MT,59102,2025-03-27,Health,F,Environmental Deficiencies,0918,Provide a bathroom in or located near each resident’s room.,D,"Deficient, Provider has date of correction",2025-04-18,2,N,Y,N,N,N,"2115 CENTRAL AVE,BILLINGS,MT,59102",2026-08-01
275029,YELLOWSTONE RIVER NURSING AND REHABILITATION,2115 CENTRAL AVE,BILLINGS,MT,59102,2025-03-27,Health,F,Environmental Deficiencies,0919,Make sure that a working call system is available in each resident's  bathroom and bathing area.,D,"Deficient, Provider has date of correction",2025-04-18,2,N,Y,N,N,N,"2115 CENTRAL AVE,BILLINGS,MT,59102",2026-08-01
275029,YELLOWSTONE RIVER NURSING AND REHABILITATION,2115 CENTRAL AVE,BILLINGS,MT,59102,2024-12-17,Health,F,Pharmacy Service Deficiencies,0758,"Implement gradual dose reductions(GDR) and non-pharmacological interventions, unless contraindicated, prior to initiating or instead of continuing psychotropic medication; and PRN orders for psychotropic medications are only used when the medication is necessary and PRN use is limited.",D,"Deficient, Provider has date of correction",2025-01-15,2,N,Y,N,N,N,"2115 CENTRAL AVE,BILLINGS,MT,59102",2026-08-01
275029,YELLOWSTONE RIVER NURSING AND REHABILITATION,2115 CENTRAL AVE,BILLINGS,MT,59102,2024-07-18,Health,F,Nutrition and Dietary Deficiencies,0801,"Employ sufficient staff with the appropriate competencies and skills sets to carry out the functions of the food and nutrition service, including a qualified dietician.",F,"Deficient, Provider has date of correction",2024-09-05,2,Y,N,N,N,N,"2115 CENTRAL AVE,BILLINGS,MT,59102",2026-08-01
275029,YELLOWSTONE RIVER NURSING AND REHABILITATION,2115 CENTRAL AVE,BILLINGS,MT,59102,2024-07-18,Health,F,Nutrition and Dietary Deficiencies,0812,"Procure food from sources approved or considered satisfactory and store, prepare, distribute and serve food in accordance with professional standards.",F,"Deficient, Provider has date of correction",2024-09-05,2,Y,N,N,N,N,"2115 CENTRAL AVE,BILLINGS,MT,59102",2026-08-01
275029,YELLOWSTONE RIVER NURSING AND REHABILITATION,2115 CENTRAL AVE,BILLINGS,MT,59102,2024-07-18,Health,F,Administration Deficiencies,0867,Set up an ongoing quality assessment and assurance group to review quality deficiencies  and develop corrective plans of action.,F,"Deficient, Provider has date of correction",2024-09-05,2,Y,N,N,N,N,"2115 CENTRAL AVE,BILLINGS,MT,59102",2026-08-01
275029,YELLOWSTONE RIVER NURSING AND REHABILITATION,2115 CENTRAL AVE,BILLINGS,MT,59102,2024-07-18,Health,F,Environmental Deficiencies,0925,"Make sure there is a pest control program to prevent/deal with mice, insects, or other pests.",F,"Deficient, Provider has date of correction",2024-09-05,2,Y,N,N,N,N,"2115 CENTRAL AVE,BILLINGS,MT,59102",2026-08-01
275029,YELLOWSTONE RIVER NURSING AND REHABILITATION,2115 CENTRAL AVE,BILLINGS,MT,59102,2024-07-18,Health,F,Resident Rights Deficiencies,0553,Allow resident to participate in the development and implementation of his or her person-centered plan of care.,E,"Deficient, Provider has date of correction",2024-09-05,2,Y,N,N,N,N,"2115 CENTRAL AVE,BILLINGS,MT,59102",2026-08-01
275029,YELLOWSTONE RIVER NURSING AND REHABILITATION,2115 CENTRAL AVE,BILLINGS,MT,59102,2024-07-18,Health,F,Resident Rights Deficiencies,0584,"Honor the resident's right to a safe, clean, comfortable and homelike environment, including but not limited to receiving treatment and supports for daily living safely.",E,"Deficient, Provider has date of correction",2024-09-05,2,Y,N,N,N,N,"2115 CENTRAL AVE,BILLINGS,MT,59102",2026-08-01
275029,YELLOWSTONE RIVER NURSING AND REHABILITATION,2115 CENTRAL AVE,BILLINGS,MT,59102,2024-07-18,Health,F,Pharmacy Service Deficiencies,0755,Provide pharmaceutical services to meet the needs of each resident and employ or obtain the services of a licensed pharmacist.,E,"Deficient, Provider has date of correction",2024-09-05,2,Y,N,N,N,N,"2115 CENTRAL AVE,BILLINGS,MT,59102",2026-08-01
275029,YELLOWSTONE RIVER NURSING AND REHABILITATION,2115 CENTRAL AVE,BILLINGS,MT,59102,2024-07-18,Health,F,Pharmacy Service Deficiencies,0759,Ensure medication error rates are not 5 percent or greater.,E,"Deficient, Provider has date of correction",2024-09-05,2,Y,N,N,N,N,"2115 CENTRAL AVE,BILLINGS,MT,59102",2026-08-01
275029,YELLOWSTONE RIVER NURSING AND REHABILITATION,2115 CENTRAL AVE,BILLINGS,MT,59102,2024-07-18,Health,F,Resident Rights Deficiencies,0558,Reasonably accommodate the needs and preferences of each resident.,D,"Deficient, Provider has date of correction",2024-09-05,2,Y,N,N,N,N,"2115 CENTRAL AVE,BILLINGS,MT,59102",2026-08-01
275029,YELLOWSTONE RIVER NURSING AND REHABILITATION,2115 CENTRAL AVE,BILLINGS,MT,59102,2024-07-18,Health,F,"Freedom from Abuse, Neglect, and Exploitation Deficiencies",0600,"Protect each resident from all types of abuse such as physical, mental, sexual abuse, physical punishment, and neglect by anybody.",D,Past Non-Compliance,2024-04-01,2,Y,Y,N,N,N,"2115 CENTRAL AVE,BILLINGS,MT,59102",2026-08-01
275029,YELLOWSTONE RIVER NURSING AND REHABILITATION,2115 CENTRAL AVE,BILLINGS,MT,59102,2024-07-18,Health,F,"Freedom from Abuse, Neglect, and Exploitation Deficiencies",0604,"Ensure that each resident is free from the use of physical restraints, unless needed for medical treatment.",D,"Deficient, Provider has date of correction",2024-09-05,2,Y,N,N,N,N,"2115 CENTRAL AVE,BILLINGS,MT,59102",2026-08-01
275029,YELLOWSTONE RIVER NURSING AND REHABILITATION,2115 CENTRAL AVE,BILLINGS,MT,59102,2024-07-18,Health,F,Quality of Life and Care Deficiencies,0687,Provide appropriate foot care.,D,"Deficient, Provider has date of correction",2024-09-05,2,Y,N,N,N,N,"2115 CENTRAL AVE,BILLINGS,MT,59102",2026-08-01
275029,YELLOWSTONE RIVER NURSING AND REHABILITATION,2115 CENTRAL AVE,BILLINGS,MT,59102,2024-07-18,Health,F,Quality of Life and Care Deficiencies,0689,Ensure that a nursing home area is free from accident hazards and provides adequate supervision to prevent accidents.,D,"Deficient, Provider has date of correction",2024-09-05,2,Y,N,N,N,N,"2115 CENTRAL AVE,BILLINGS,MT,59102",2026-08-01
275029,YELLOWSTONE RIVER NURSING AND REHABILITATION,2115 CENTRAL AVE,BILLINGS,MT,59102,2024-07-18,Health,F,Administration Deficiencies,0835,Administer the facility in a manner that enables it to use its resources effectively and efficiently.,D,"Deficient, Provider has date of correction",2024-09-05,2,Y,N,N,N,N,"2115 CENTRAL AVE,BILLINGS,MT,59102",2026-08-01
275029,YELLOWSTONE RIVER NURSING AND REHABILITATION,2115 CENTRAL AVE,BILLINGS,MT,59102,2024-07-18,Health,F,Infection Control Deficiencies,0880,Provide and implement an infection prevention and control program.,D,"Deficient, Provider has date of correction",2024-09-05,2,Y,N,N,N,N,"2115 CENTRAL AVE,BILLINGS,MT,59102",2026-08-01
275029,YELLOWSTONE RIVER NURSING AND REHABILITATION,2115 CENTRAL AVE,BILLINGS,MT,59102,2024-07-18,Health,F,Environmental Deficiencies,0908,Keep all essential equipment working safely.,D,"Deficient, Provider has date of correction",2024-09-05,2,Y,N,N,N,N,"2115 CENTRAL AVE,BILLINGS,MT,59102",2026-08-01
275029,YELLOWSTONE RIVER NURSING AND REHABILITATION,2115 CENTRAL AVE,BILLINGS,MT,59102,2023-10-26,Health,F,Infection Control Deficiencies,0880,Provide and implement an infection prevention and control program.,E,"Deficient, Provider has date of correction",2023-11-21,3,N,Y,N,N,N,"2115 CENTRAL AVE,BILLINGS,MT,59102",2026-08-01
275029,YELLOWSTONE RIVER NURSING AND REHABILITATION,2115 CENTRAL AVE,BILLINGS,MT,59102,2023-10-26,Health,F,Resident Rights Deficiencies,0550,"Honor the resident's right to a dignified existence, self-determination, communication, and to exercise his or her rights.",D,"Deficient, Provider has date of correction",2023-11-21,3,N,Y,N,N,N,"2115 CENTRAL AVE,BILLINGS,MT,59102",2026-08-01
275029,YELLOWSTONE RIVER NURSING AND REHABILITATION,2115 CENTRAL AVE,BILLINGS,MT,59102,2023-10-26,Health,F,Resident Rights Deficiencies,0552,"Ensure that residents are fully informed and understand their health status, care and treatments.",D,"Deficient, Provider has date of correction",2023-11-21,3,N,Y,N,N,N,"2115 CENTRAL AVE,BILLINGS,MT,59102",2026-08-01
275029,YELLOWSTONE RIVER NURSING AND REHABILITATION,2115 CENTRAL AVE,BILLINGS,MT,59102,2023-10-26,Health,F,Resident Rights Deficiencies,0558,Reasonably accommodate the needs and preferences of each resident.,D,"Deficient, Provider has date of correction",2023-11-21,3,N,Y,N,N,N,"2115 CENTRAL AVE,BILLINGS,MT,59102",2026-08-01
275029,YELLOWSTONE RIVER NURSING AND REHABILITATION,2115 CENTRAL AVE,BILLINGS,MT,59102,2023-10-26,Health,F,"Freedom from Abuse, Neglect, and Exploitation Deficiencies",0610,Respond appropriately to all alleged violations.,D,"Deficient, Provider has date of correction",2023-11-21,3,N,Y,N,N,N,"2115 CENTRAL AVE,BILLINGS,MT,59102",2026-08-01
275029,YELLOWSTONE RIVER NURSING AND REHABILITATION,2115 CENTRAL AVE,BILLINGS,MT,59102,2023-10-26,Health,F,Pharmacy Service Deficiencies,0758,"Implement gradual dose reductions(GDR) and non-pharmacological interventions, unless contraindicated, prior to initiating or instead of continuing psychotropic medication; and PRN orders for psychotropic medications are only used when the medication is necessary and PRN use is limited.",D,"Deficient, Provider has date of correction",2023-11-21,3,N,Y,N,N,N,"2115 CENTRAL AVE,BILLINGS,MT,59102",2026-08-01
275029,YELLOWSTONE RIVER NURSING AND REHABILITATION,2115 CENTRAL AVE,BILLINGS,MT,59102,2023-06-22,Health,F,Quality of Life and Care Deficiencies,0689,Ensure that a nursing home area is free from accident hazards and provides adequate supervision to prevent accidents.,G,"Deficient, Provider has date of correction",2023-07-21,3,Y,N,N,N,N,"2115 CENTRAL AVE,BILLINGS,MT,59102",2026-08-01
275029,YELLOWSTONE RIVER NURSING AND REHABILITATION,2115 CENTRAL AVE,BILLINGS,MT,59102,2023-06-22,Health,F,Resident Rights Deficiencies,0584,"Honor the resident's right to a safe, clean, comfortable and homelike environment, including but not limited to receiving treatment and supports for daily living safely.",E,"Deficient, Provider has date of correction",2023-07-21,3,Y,N,N,N,N,"2115 CENTRAL AVE,BILLINGS,MT,59102",2026-08-01
275029,YELLOWSTONE RIVER NURSING AND REHABILITATION,2115 CENTRAL AVE,BILLINGS,MT,59102,2023-06-22,Health,F,Nursing and Physician Services Deficiencies,0725,Provide enough nursing staff every day to meet the needs of every resident; and have a licensed nurse in charge on each shift.,E,"Deficient, Provider has date of correction",2023-07-21,3,Y,N,N,N,N,"2115 CENTRAL AVE,BILLINGS,MT,59102",2026-08-01
275029,YELLOWSTONE RIVER NURSING AND REHABILITATION,2115 CENTRAL AVE,BILLINGS,MT,59102,2023-06-22,Health,F,Infection Control Deficiencies,0880,Provide and implement an infection prevention and control program.,E,"Deficient, Provider has date of correction",2023-07-21,3,Y,N,N,N,N,"2115 CENTRAL AVE,BILLINGS,MT,59102",2026-08-01
275029,YELLOWSTONE RIVER NURSING AND REHABILITATION,2115 CENTRAL AVE,BILLINGS,MT,59102,2023-06-22,Health,F,Resident Assessment and Care Planning Deficiencies,0637,Assess the resident when there is a significant change in condition,D,"Deficient, Provider has date of correction",2023-07-21,3,Y,N,N,N,N,"2115 CENTRAL AVE,BILLINGS,MT,59102",2026-08-01
275029,YELLOWSTONE RIVER NURSING AND REHABILITATION,2115 CENTRAL AVE,BILLINGS,MT,59102,2023-06-22,Health,F,Nursing and Physician Services Deficiencies,0726,Ensure that nurses and nurse aides have the appropriate competencies to care for every resident in a way that maximizes each resident's well being.,D,"Deficient, Provider has date of correction",2023-07-21,3,Y,N,N,N,N,"2115 CENTRAL AVE,BILLINGS,MT,59102",2026-08-01
275030,PARK PLACE TRANSITIONAL CARE AND REHABILITATION,1500 32ND ST S,GREAT FALLS,MT,59405,2026-04-09,Health,F,Quality of Life and Care Deficiencies,0689,Ensure that a nursing home area is free from accident hazards and provides adequate supervision to prevent accidents.,G,"Deficient, Provider has date of correction",2026-05-22,1,Y,N,N,N,N,"1500 32ND ST S,GREAT FALLS,MT,59405",2026-08-01
275030,PARK PLACE TRANSITIONAL CARE AND REHABILITATION,1500 32ND ST S,GREAT FALLS,MT,59405,2026-04-09,Health,F,Nutrition and Dietary Deficiencies,0812,"Procure food from sources approved or considered satisfactory and store, prepare, distribute and serve food in accordance with professional standards.",F,"Deficient, Provider has date of correction",2026-04-28,1,Y,Y,N,N,N,"1500 32ND ST S,GREAT FALLS,MT,59405",2026-08-01
275030,PARK PLACE TRANSITIONAL CARE AND REHABILITATION,1500 32ND ST S,GREAT FALLS,MT,59405,2026-04-09,Health,F,Resident Assessment and Care Planning Deficiencies,0658,Ensure services provided by the nursing facility meet professional standards of quality.,E,"Deficient, Provider has date of correction",2026-04-28,1,Y,N,N,N,N,"1500 32ND ST S,GREAT FALLS,MT,59405",2026-08-01
275030,PARK PLACE TRANSITIONAL CARE AND REHABILITATION,1500 32ND ST S,GREAT FALLS,MT,59405,2026-04-09,Health,F,Resident Assessment and Care Planning Deficiencies,0641,Ensure each resident receives an accurate assessment.,D,"Deficient, Provider has date of correction",2026-04-28,1,Y,N,N,N,N,"1500 32ND ST S,GREAT FALLS,MT,59405",2026-08-01
275030,PARK PLACE TRANSITIONAL CARE AND REHABILITATION,1500 32ND ST S,GREAT FALLS,MT,59405,2026-04-09,Health,F,Resident Assessment and Care Planning Deficiencies,0656,"Develop and implement a complete care plan that meets all the resident's needs, with timetables and actions that can be measured.",D,"Deficient, Provider has date of correction",2026-04-28,1,Y,N,N,N,N,"1500 32ND ST S,GREAT FALLS,MT,59405",2026-08-01
275030,PARK PLACE TRANSITIONAL CARE AND REHABILITATION,1500 32ND ST S,GREAT FALLS,MT,59405,2026-04-09,Health,F,Resident Assessment and Care Planning Deficiencies,0657,"Develop the complete care plan within 7 days of the comprehensive assessment; and prepared, reviewed, and revised by a team of health professionals.",D,"Deficient, Provider has date of correction",2026-04-28,1,Y,N,N,N,N,"1500 32ND ST S,GREAT FALLS,MT,59405",2026-08-01
275030,PARK PLACE TRANSITIONAL CARE AND REHABILITATION,1500 32ND ST S,GREAT FALLS,MT,59405,2026-04-09,Health,F,Quality of Life and Care Deficiencies,0692,Provide enough food/fluids to maintain a resident's health.,D,"Deficient, Provider has date of correction",2026-04-28,1,Y,N,N,N,N,"1500 32ND ST S,GREAT FALLS,MT,59405",2026-08-01
275030,PARK PLACE TRANSITIONAL CARE AND REHABILITATION,1500 32ND ST S,GREAT FALLS,MT,59405,2026-04-09,Health,F,Quality of Life and Care Deficiencies,0693,Ensure that feeding tubes are  not used unless there is a medical reason and the resident agrees; and provide appropriate care for a resident with a feeding tube.,D,"Deficient, Provider has date of correction",2026-04-28,1,Y,N,N,N,N,"1500 32ND ST S,GREAT FALLS,MT,59405",2026-08-01
275030,PARK PLACE TRANSITIONAL CARE AND REHABILITATION,1500 32ND ST S,GREAT FALLS,MT,59405,2026-04-09,Health,F,Infection Control Deficiencies,0880,Provide and implement an infection prevention and control program.,D,"Deficient, Provider has date of correction",2026-04-28,1,Y,N,N,N,N,"1500 32ND ST S,GREAT FALLS,MT,59405",2026-08-01
275030,PARK PLACE TRANSITIONAL CARE AND REHABILITATION,1500 32ND ST S,GREAT FALLS,MT,59405,2026-04-09,Health,F,Resident Rights Deficiencies,0585,Honor the resident's right to voice grievances without discrimination or reprisal and the facility must establish a grievance policy and make prompt efforts to resolve grievances.,C,"Deficient, Provider has date of correction",2026-04-28,1,Y,N,N,N,N,"1500 32ND ST S,GREAT FALLS,MT,59405",2026-08-01
275030,PARK PLACE TRANSITIONAL CARE AND REHABILITATION,1500 32ND ST S,GREAT FALLS,MT,59405,2026-04-09,Health,F,Resident Rights Deficiencies,0577,Allow residents to easily view the nursing home's survey results and communicate with advocate agencies.,B,"Deficient, Provider has date of correction",2026-04-28,1,Y,N,N,N,N,"1500 32ND ST S,GREAT FALLS,MT,59405",2026-08-01
275030,PARK PLACE TRANSITIONAL CARE AND REHABILITATION,1500 32ND ST S,GREAT FALLS,MT,59405,2025-08-06,Health,F,Quality of Life and Care Deficiencies,0689,Ensure that a nursing home area is free from accident hazards and provides adequate supervision to prevent accidents.,E,"Deficient, Provider has date of correction",2025-09-03,1,N,Y,N,N,N,"1500 32ND ST S,GREAT FALLS,MT,59405",2026-08-01
275030,PARK PLACE TRANSITIONAL CARE AND REHABILITATION,1500 32ND ST S,GREAT FALLS,MT,59405,2025-08-06,Health,F,Infection Control Deficiencies,0880,Provide and implement an infection prevention and control program.,E,"Deficient, Provider has date of correction",2025-09-03,1,N,Y,N,N,N,"1500 32ND ST S,GREAT FALLS,MT,59405",2026-08-01
275030,PARK PLACE TRANSITIONAL CARE AND REHABILITATION,1500 32ND ST S,GREAT FALLS,MT,59405,2025-04-24,Health,F,Quality of Life and Care Deficiencies,0686,Provide appropriate pressure ulcer care and prevent new ulcers from developing.,G,"Deficient, Provider has date of correction",2025-05-19,2,Y,N,N,N,N,"1500 32ND ST S,GREAT FALLS,MT,59405",2026-08-01
275030,PARK PLACE TRANSITIONAL CARE AND REHABILITATION,1500 32ND ST S,GREAT FALLS,MT,59405,2025-04-24,Health,F,Nutrition and Dietary Deficiencies,0812,"Procure food from sources approved or considered satisfactory and store, prepare, distribute and serve food in accordance with professional standards.",F,"Deficient, Provider has date of correction",2025-05-19,2,Y,N,N,N,N,"1500 32ND ST S,GREAT FALLS,MT,59405",2026-08-01
275030,PARK PLACE TRANSITIONAL CARE AND REHABILITATION,1500 32ND ST S,GREAT FALLS,MT,59405,2025-04-24,Health,F,Resident Rights Deficiencies,0584,"Honor the resident's right to a safe, clean, comfortable and homelike environment, including but not limited to receiving treatment and supports for daily living safely.",E,"Deficient, Provider has date of correction",2025-05-19,2,Y,N,N,N,N,"1500 32ND ST S,GREAT FALLS,MT,59405",2026-08-01
275030,PARK PLACE TRANSITIONAL CARE AND REHABILITATION,1500 32ND ST S,GREAT FALLS,MT,59405,2025-04-24,Health,F,Infection Control Deficiencies,0880,Provide and implement an infection prevention and control program.,E,"Deficient, Provider has date of correction",2025-05-19,2,Y,N,N,N,N,"1500 32ND ST S,GREAT FALLS,MT,59405",2026-08-01
275030,PARK PLACE TRANSITIONAL CARE AND REHABILITATION,1500 32ND ST S,GREAT FALLS,MT,59405,2025-04-24,Health,F,Resident Rights Deficiencies,0550,"Honor the resident's right to a dignified existence, self-determination, communication, and to exercise his or her rights.",D,"Deficient, Provider has date of correction",2025-05-19,2,Y,N,N,N,N,"1500 32ND ST S,GREAT FALLS,MT,59405",2026-08-01
275030,PARK PLACE TRANSITIONAL CARE AND REHABILITATION,1500 32ND ST S,GREAT FALLS,MT,59405,2025-04-24,Health,F,Quality of Life and Care Deficiencies,0685,Assist a resident in gaining access to vision and hearing services.,D,"Deficient, Provider has date of correction",2025-05-19,2,Y,N,N,N,N,"1500 32ND ST S,GREAT FALLS,MT,59405",2026-08-01
275030,PARK PLACE TRANSITIONAL CARE AND REHABILITATION,1500 32ND ST S,GREAT FALLS,MT,59405,2025-04-24,Health,F,Quality of Life and Care Deficiencies,0690,"Provide appropriate care for residents who are continent or incontinent of bowel/bladder, appropriate catheter care,  and appropriate care  to prevent urinary tract infections.",D,"Deficient, Provider has date of correction",2025-05-19,2,Y,N,N,N,N,"1500 32ND ST S,GREAT FALLS,MT,59405",2026-08-01
275030,PARK PLACE TRANSITIONAL CARE AND REHABILITATION,1500 32ND ST S,GREAT FALLS,MT,59405,2025-04-24,Health,F,Quality of Life and Care Deficiencies,0740,Ensure each resident must receive and the facility must provide necessary behavioral health care and services.,D,"Deficient, Provider has date of correction",2025-05-19,2,Y,N,N,N,N,"1500 32ND ST S,GREAT FALLS,MT,59405",2026-08-01
275030,PARK PLACE TRANSITIONAL CARE AND REHABILITATION,1500 32ND ST S,GREAT FALLS,MT,59405,2024-11-06,Health,F,Resident Assessment and Care Planning Deficiencies,0657,"Develop the complete care plan within 7 days of the comprehensive assessment; and prepared, reviewed, and revised by a team of health professionals.",D,"Deficient, Provider has date of correction",2024-11-19,2,N,Y,N,N,N,"1500 32ND ST S,GREAT FALLS,MT,59405",2026-08-01
275030,PARK PLACE TRANSITIONAL CARE AND REHABILITATION,1500 32ND ST S,GREAT FALLS,MT,59405,2024-11-06,Health,F,Quality of Life and Care Deficiencies,0689,Ensure that a nursing home area is free from accident hazards and provides adequate supervision to prevent accidents.,D,"Deficient, Provider has date of correction",2024-11-19,2,N,Y,N,N,N,"1500 32ND ST S,GREAT FALLS,MT,59405",2026-08-01
275030,PARK PLACE TRANSITIONAL CARE AND REHABILITATION,1500 32ND ST S,GREAT FALLS,MT,59405,2024-04-25,Health,F,Quality of Life and Care Deficiencies,0692,Provide enough food/fluids to maintain a resident's health.,G,"Deficient, Provider has date of correction",2024-05-09,3,Y,N,N,N,N,"1500 32ND ST S,GREAT FALLS,MT,59405",2026-08-01
275030,PARK PLACE TRANSITIONAL CARE AND REHABILITATION,1500 32ND ST S,GREAT FALLS,MT,59405,2024-04-25,Health,F,Quality of Life and Care Deficiencies,0684,"Provide appropriate treatment and care according to orders, resident’s preferences and goals.",D,"Deficient, Provider has date of correction",2024-05-09,3,Y,N,N,N,N,"1500 32ND ST S,GREAT FALLS,MT,59405",2026-08-01
275030,PARK PLACE TRANSITIONAL CARE AND REHABILITATION,1500 32ND ST S,GREAT FALLS,MT,59405,2024-04-25,Health,F,Pharmacy Service Deficiencies,0760,Ensure that residents are free from significant medication errors.,D,"Deficient, Provider has date of correction",2024-05-09,3,Y,N,N,N,N,"1500 32ND ST S,GREAT FALLS,MT,59405",2026-08-01
275030,PARK PLACE TRANSITIONAL CARE AND REHABILITATION,1500 32ND ST S,GREAT FALLS,MT,59405,2024-04-25,Health,F,Infection Control Deficiencies,0880,Provide and implement an infection prevention and control program.,D,"Deficient, Provider has date of correction",2024-05-09,3,Y,N,N,N,N,"1500 32ND ST S,GREAT FALLS,MT,59405",2026-08-01
275030,PARK PLACE TRANSITIONAL CARE AND REHABILITATION,1500 32ND ST S,GREAT FALLS,MT,59405,2024-03-28,Health,F,Resident Rights Deficiencies,0557,Honor the resident's right to be treated with respect and dignity and to retain and use personal possessions.,D,"Deficient, Provider has date of correction",2024-04-22,3,N,Y,N,N,N,"1500 32ND ST S,GREAT FALLS,MT,59405",2026-08-01
275030,PARK PLACE TRANSITIONAL CARE AND REHABILITATION,1500 32ND ST S,GREAT FALLS,MT,59405,2024-03-28,Health,F,"Freedom from Abuse, Neglect, and Exploitation Deficiencies",0610,Respond appropriately to all alleged violations.,D,"Deficient, Provider has date of correction",2024-04-22,3,N,Y,N,N,N,"1500 32ND ST S,GREAT FALLS,MT,59405",2026-08-01
275030,PARK PLACE TRANSITIONAL CARE AND REHABILITATION,1500 32ND ST S,GREAT FALLS,MT,59405,2024-03-28,Health,F,Resident Assessment and Care Planning Deficiencies,0641,Ensure each resident receives an accurate assessment.,D,"Deficient, Provider has date of correction",2024-04-22,3,N,Y,N,N,N,"1500 32ND ST S,GREAT FALLS,MT,59405",2026-08-01
275030,PARK PLACE TRANSITIONAL CARE AND REHABILITATION,1500 32ND ST S,GREAT FALLS,MT,59405,2024-03-28,Health,F,Resident Assessment and Care Planning Deficiencies,0655,Create and put into place a plan for meeting the resident's most immediate needs within 48 hours of being admitted,D,"Deficient, Provider has date of correction",2024-04-22,3,N,Y,N,N,N,"1500 32ND ST S,GREAT FALLS,MT,59405",2026-08-01
275030,PARK PLACE TRANSITIONAL CARE AND REHABILITATION,1500 32ND ST S,GREAT FALLS,MT,59405,2024-03-28,Health,F,Resident Assessment and Care Planning Deficiencies,0656,"Develop and implement a complete care plan that meets all the resident's needs, with timetables and actions that can be measured.",D,"Deficient, Provider has date of correction",2024-04-22,3,N,Y,N,N,N,"1500 32ND ST S,GREAT FALLS,MT,59405",2026-08-01
275030,PARK PLACE TRANSITIONAL CARE AND REHABILITATION,1500 32ND ST S,GREAT FALLS,MT,59405,2023-12-04,Health,F,"Freedom from Abuse, Neglect, and Exploitation Deficiencies",0600,"Protect each resident from all types of abuse such as physical, mental, sexual abuse, physical punishment, and neglect by anybody.",G,"Deficient, Provider has date of correction",2023-12-19,3,N,Y,N,N,N,"1500 32ND ST S,GREAT FALLS,MT,59405",2026-08-01
275030,PARK PLACE TRANSITIONAL CARE AND REHABILITATION,1500 32ND ST S,GREAT FALLS,MT,59405,2023-12-04,Health,F,"Freedom from Abuse, Neglect, and Exploitation Deficiencies",0609,"Timely report suspected abuse, neglect, or theft and report the results of the investigation to proper authorities.",D,"Deficient, Provider has date of correction",2023-12-19,3,N,Y,N,N,N,"1500 32ND ST S,GREAT FALLS,MT,59405",2026-08-01
275030,PARK PLACE TRANSITIONAL CARE AND REHABILITATION,1500 32ND ST S,GREAT FALLS,MT,59405,2023-12-04,Health,F,Resident Assessment and Care Planning Deficiencies,0635,Provide doctor's orders for the resident's immediate care at the time the resident was admitted.,D,"Deficient, Provider has date of correction",2023-12-19,3,N,Y,N,N,N,"1500 32ND ST S,GREAT FALLS,MT,59405",2026-08-01
275030,PARK PLACE TRANSITIONAL CARE AND REHABILITATION,1500 32ND ST S,GREAT FALLS,MT,59405,2023-10-25,Health,F,Quality of Life and Care Deficiencies,0684,"Provide appropriate treatment and care according to orders, resident’s preferences and goals.",G,"Deficient, Provider has date of correction",2023-11-10,3,N,Y,N,N,N,"1500 32ND ST S,GREAT FALLS,MT,59405",2026-08-01
275035,MISSOULA HEALTH & REHABILITATION CENTER,3018 RATTLESNAKE DR,MISSOULA,MT,59802,2026-03-26,Health,F,Nutrition and Dietary Deficiencies,0812,"Procure food from sources approved or considered satisfactory and store, prepare, distribute and serve food in accordance with professional standards.",F,"Deficient, Provider has date of correction",2026-04-13,1,Y,N,N,N,N,"3018 RATTLESNAKE DR,MISSOULA,MT,59802",2026-08-01
275035,MISSOULA HEALTH & REHABILITATION CENTER,3018 RATTLESNAKE DR,MISSOULA,MT,59802,2026-03-26,Health,F,Pharmacy Service Deficiencies,0761,"Ensure drugs and biologicals used in the facility are labeled in accordance with currently accepted professional principles; and all drugs and biologicals must be stored in locked compartments, separately locked, compartments for controlled drugs.",E,"Deficient, Provider has date of correction",2026-04-13,1,Y,N,N,N,N,"3018 RATTLESNAKE DR,MISSOULA,MT,59802",2026-08-01
275035,MISSOULA HEALTH & REHABILITATION CENTER,3018 RATTLESNAKE DR,MISSOULA,MT,59802,2026-03-26,Health,F,Resident Rights Deficiencies,0578,"Honor the resident's right to request, refuse, and/or discontinue treatment, to participate in or refuse to participate in experimental research, and to formulate an advance directive.",D,"Deficient, Provider has date of correction",2026-04-13,1,Y,N,N,N,N,"3018 RATTLESNAKE DR,MISSOULA,MT,59802",2026-08-01
275035,MISSOULA HEALTH & REHABILITATION CENTER,3018 RATTLESNAKE DR,MISSOULA,MT,59802,2026-03-26,Health,F,Resident Assessment and Care Planning Deficiencies,0641,Ensure each resident receives an accurate assessment.,D,"Deficient, Provider has date of correction",2026-04-13,1,Y,N,N,N,N,"3018 RATTLESNAKE DR,MISSOULA,MT,59802",2026-08-01
275035,MISSOULA HEALTH & REHABILITATION CENTER,3018 RATTLESNAKE DR,MISSOULA,MT,59802,2026-03-26,Health,F,Quality of Life and Care Deficiencies,0686,Provide appropriate pressure ulcer care and prevent new ulcers from developing.,D,"Deficient, Provider has date of correction",2026-04-13,1,Y,N,N,N,N,"3018 RATTLESNAKE DR,MISSOULA,MT,59802",2026-08-01
275035,MISSOULA HEALTH & REHABILITATION CENTER,3018 RATTLESNAKE DR,MISSOULA,MT,59802,2026-03-26,Health,F,Resident Assessment and Care Planning Deficiencies,0842,Safeguard resident-identifiable information and/or maintain medical records on each resident that are in accordance with accepted professional standards.,D,"Deficient, Provider has date of correction",2026-04-13,1,Y,N,N,N,N,"3018 RATTLESNAKE DR,MISSOULA,MT,59802",2026-08-01
275035,MISSOULA HEALTH & REHABILITATION CENTER,3018 RATTLESNAKE DR,MISSOULA,MT,59802,2025-02-13,Health,F,Resident Rights Deficiencies,0584,"Honor the resident's right to a safe, clean, comfortable and homelike environment, including but not limited to receiving treatment and supports for daily living safely.",E,"Deficient, Provider has date of correction",2025-03-26,2,Y,N,N,N,N,"3018 RATTLESNAKE DR,MISSOULA,MT,59802",2026-08-01
275035,MISSOULA HEALTH & REHABILITATION CENTER,3018 RATTLESNAKE DR,MISSOULA,MT,59802,2025-02-13,Health,F,Quality of Life and Care Deficiencies,0675,"Honor each resident's preferences, choices, values and beliefs.",E,"Deficient, Provider has date of correction",2025-03-26,2,Y,N,N,N,N,"3018 RATTLESNAKE DR,MISSOULA,MT,59802",2026-08-01
275035,MISSOULA HEALTH & REHABILITATION CENTER,3018 RATTLESNAKE DR,MISSOULA,MT,59802,2025-02-13,Health,F,Resident Assessment and Care Planning Deficiencies,0636,"Assess the resident completely in a timely manner  when first admitted, and then periodically, at least every 12 months.",D,"Deficient, Provider has date of correction",2025-03-26,2,Y,N,N,N,N,"3018 RATTLESNAKE DR,MISSOULA,MT,59802",2026-08-01
275035,MISSOULA HEALTH & REHABILITATION CENTER,3018 RATTLESNAKE DR,MISSOULA,MT,59802,2025-02-13,Health,F,Quality of Life and Care Deficiencies,0677,Provide care and assistance to perform activities of daily living for any resident who is unable.,D,"Deficient, Provider has date of correction",2025-03-26,2,Y,N,N,N,N,"3018 RATTLESNAKE DR,MISSOULA,MT,59802",2026-08-01
275035,MISSOULA HEALTH & REHABILITATION CENTER,3018 RATTLESNAKE DR,MISSOULA,MT,59802,2025-02-13,Health,F,Quality of Life and Care Deficiencies,0679,Provide activities to meet all resident's needs.,D,"Deficient, Provider has date of correction",2025-03-26,2,Y,N,N,N,N,"3018 RATTLESNAKE DR,MISSOULA,MT,59802",2026-08-01
275035,MISSOULA HEALTH & REHABILITATION CENTER,3018 RATTLESNAKE DR,MISSOULA,MT,59802,2025-02-13,Health,F,Quality of Life and Care Deficiencies,0688,"Provide appropriate care for a resident to maintain and/or improve range of motion (ROM), limited ROM and/or mobility, unless a decline is for a medical reason.",D,"Deficient, Provider has date of correction",2025-03-26,2,Y,N,N,N,N,"3018 RATTLESNAKE DR,MISSOULA,MT,59802",2026-08-01
275035,MISSOULA HEALTH & REHABILITATION CENTER,3018 RATTLESNAKE DR,MISSOULA,MT,59802,2025-02-13,Health,F,Quality of Life and Care Deficiencies,0697,"Provide safe, appropriate pain management for a resident who requires such services.",D,"Deficient, Provider has date of correction",2025-03-26,2,Y,N,N,N,N,"3018 RATTLESNAKE DR,MISSOULA,MT,59802",2026-08-01
275035,MISSOULA HEALTH & REHABILITATION CENTER,3018 RATTLESNAKE DR,MISSOULA,MT,59802,2025-02-13,Health,F,Pharmacy Service Deficiencies,0760,Ensure that residents are free from significant medication errors.,D,"Deficient, Provider has date of correction",2025-03-26,2,Y,N,N,N,N,"3018 RATTLESNAKE DR,MISSOULA,MT,59802",2026-08-01
275035,MISSOULA HEALTH & REHABILITATION CENTER,3018 RATTLESNAKE DR,MISSOULA,MT,59802,2025-02-13,Health,F,Quality of Life and Care Deficiencies,0791,Provide or obtain dental services for each resident.,D,"Deficient, Provider has date of correction",2025-03-26,2,Y,N,N,N,N,"3018 RATTLESNAKE DR,MISSOULA,MT,59802",2026-08-01
275035,MISSOULA HEALTH & REHABILITATION CENTER,3018 RATTLESNAKE DR,MISSOULA,MT,59802,2025-02-13,Health,F,Nutrition and Dietary Deficiencies,0812,"Procure food from sources approved or considered satisfactory and store, prepare, distribute and serve food in accordance with professional standards.",D,"Deficient, Provider has date of correction",2025-03-26,2,Y,N,N,N,N,"3018 RATTLESNAKE DR,MISSOULA,MT,59802",2026-08-01
275035,MISSOULA HEALTH & REHABILITATION CENTER,3018 RATTLESNAKE DR,MISSOULA,MT,59802,2025-02-13,Health,F,Administration Deficiencies,0849,Arrange for the provision of hospice services or assist the resident in transferring to a facility that will arrange for the provision of hospice services.,D,"Deficient, Provider has date of correction",2025-03-26,2,Y,N,N,N,N,"3018 RATTLESNAKE DR,MISSOULA,MT,59802",2026-08-01
275035,MISSOULA HEALTH & REHABILITATION CENTER,3018 RATTLESNAKE DR,MISSOULA,MT,59802,2025-02-13,Health,F,Infection Control Deficiencies,0880,Provide and implement an infection prevention and control program.,D,"Deficient, Provider has date of correction",2025-03-26,2,Y,N,N,N,N,"3018 RATTLESNAKE DR,MISSOULA,MT,59802",2026-08-01
275035,MISSOULA HEALTH & REHABILITATION CENTER,3018 RATTLESNAKE DR,MISSOULA,MT,59802,2024-02-15,Health,F,Pharmacy Service Deficiencies,0761,"Ensure drugs and biologicals used in the facility are labeled in accordance with currently accepted professional principles; and all drugs and biologicals must be stored in locked compartments, separately locked, compartments for controlled drugs.",F,"Deficient, Provider has date of correction",2024-03-26,3,Y,N,N,N,N,"3018 RATTLESNAKE DR,MISSOULA,MT,59802",2026-08-01
275035,MISSOULA HEALTH & REHABILITATION CENTER,3018 RATTLESNAKE DR,MISSOULA,MT,59802,2024-02-15,Health,F,Resident Rights Deficiencies,0585,Honor the resident's right to voice grievances without discrimination or reprisal and the facility must establish a grievance policy and make prompt efforts to resolve grievances.,E,"Deficient, Provider has date of correction",2024-03-26,3,Y,N,N,N,N,"3018 RATTLESNAKE DR,MISSOULA,MT,59802",2026-08-01
275035,MISSOULA HEALTH & REHABILITATION CENTER,3018 RATTLESNAKE DR,MISSOULA,MT,59802,2024-02-15,Health,F,Pharmacy Service Deficiencies,0759,Ensure medication error rates are not 5 percent or greater.,E,"Deficient, Provider has date of correction",2024-03-26,3,Y,N,N,N,N,"3018 RATTLESNAKE DR,MISSOULA,MT,59802",2026-08-01
275035,MISSOULA HEALTH & REHABILITATION CENTER,3018 RATTLESNAKE DR,MISSOULA,MT,59802,2024-02-15,Health,F,Nutrition and Dietary Deficiencies,0800,"Provide each resident with a nourishing, palatable, well-balanced diet that meets his or her daily nutritional and special dietary needs.",E,"Deficient, Provider has date of correction",2024-03-26,3,Y,N,N,N,N,"3018 RATTLESNAKE DR,MISSOULA,MT,59802",2026-08-01
275035,MISSOULA HEALTH & REHABILITATION CENTER,3018 RATTLESNAKE DR,MISSOULA,MT,59802,2024-02-15,Health,F,Infection Control Deficiencies,0880,Provide and implement an infection prevention and control program.,E,"Deficient, Provider has date of correction",2024-03-26,3,Y,N,N,N,N,"3018 RATTLESNAKE DR,MISSOULA,MT,59802",2026-08-01
275035,MISSOULA HEALTH & REHABILITATION CENTER,3018 RATTLESNAKE DR,MISSOULA,MT,59802,2024-02-15,Health,F,Resident Rights Deficiencies,0550,"Honor the resident's right to a dignified existence, self-determination, communication, and to exercise his or her rights.",D,"Deficient, Provider has date of correction",2024-03-26,3,Y,N,N,N,N,"3018 RATTLESNAKE DR,MISSOULA,MT,59802",2026-08-01
275035,MISSOULA HEALTH & REHABILITATION CENTER,3018 RATTLESNAKE DR,MISSOULA,MT,59802,2024-02-15,Health,F,Resident Assessment and Care Planning Deficiencies,0657,"Develop the complete care plan within 7 days of the comprehensive assessment; and prepared, reviewed, and revised by a team of health professionals.",D,"Deficient, Provider has date of correction",2024-03-26,3,Y,Y,N,N,N,"3018 RATTLESNAKE DR,MISSOULA,MT,59802",2026-08-01
275035,MISSOULA HEALTH & REHABILITATION CENTER,3018 RATTLESNAKE DR,MISSOULA,MT,59802,2024-02-15,Health,F,Quality of Life and Care Deficiencies,0677,Provide care and assistance to perform activities of daily living for any resident who is unable.,D,"Deficient, Provider has date of correction",2024-03-26,3,Y,N,N,N,N,"3018 RATTLESNAKE DR,MISSOULA,MT,59802",2026-08-01
275035,MISSOULA HEALTH & REHABILITATION CENTER,3018 RATTLESNAKE DR,MISSOULA,MT,59802,2024-02-15,Health,F,Quality of Life and Care Deficiencies,0690,"Provide appropriate care for residents who are continent or incontinent of bowel/bladder, appropriate catheter care,  and appropriate care  to prevent urinary tract infections.",D,"Deficient, Provider has date of correction",2024-03-26,3,Y,N,N,N,N,"3018 RATTLESNAKE DR,MISSOULA,MT,59802",2026-08-01
275040,LIBBY CARE CENTER,308 E THIRD ST,LIBBY,MT,59923,2026-06-02,Health,F,Quality of Life and Care Deficiencies,0689,Ensure that a nursing home area is free from accident hazards and provides adequate supervision to prevent accidents.,D,Past Non-Compliance,,1,N,Y,N,N,N,"308 E THIRD ST,LIBBY,MT,59923",2026-08-01
275040,LIBBY CARE CENTER,308 E THIRD ST,LIBBY,MT,59923,2025-06-30,Health,F,Infection Control Deficiencies,0880,Provide and implement an infection prevention and control program.,F,"Deficient, Provider has date of correction",2025-08-04,1,Y,Y,N,N,N,"308 E THIRD ST,LIBBY,MT,59923",2026-08-01
275040,LIBBY CARE CENTER,308 E THIRD ST,LIBBY,MT,59923,2025-06-30,Health,F,Resident Rights Deficiencies,0578,"Honor the resident's right to request, refuse, and/or discontinue treatment, to participate in or refuse to participate in experimental research, and to formulate an advance directive.",E,"Deficient, Provider has date of correction",2025-08-04,1,Y,N,N,N,N,"308 E THIRD ST,LIBBY,MT,59923",2026-08-01
275040,LIBBY CARE CENTER,308 E THIRD ST,LIBBY,MT,59923,2025-06-30,Health,F,Pharmacy Service Deficiencies,0761,"Ensure drugs and biologicals used in the facility are labeled in accordance with currently accepted professional principles; and all drugs and biologicals must be stored in locked compartments, separately locked, compartments for controlled drugs.",E,"Deficient, Provider has date of correction",2025-08-04,1,Y,Y,N,N,N,"308 E THIRD ST,LIBBY,MT,59923",2026-08-01
275040,LIBBY CARE CENTER,308 E THIRD ST,LIBBY,MT,59923,2025-06-30,Health,F,Resident Rights Deficiencies,0550,"Honor the resident's right to a dignified existence, self-determination, communication, and to exercise his or her rights.",D,"Deficient, Provider has date of correction",2025-08-04,1,Y,N,N,N,N,"308 E THIRD ST,LIBBY,MT,59923",2026-08-01
275040,LIBBY CARE CENTER,308 E THIRD ST,LIBBY,MT,59923,2025-03-27,Health,F,Quality of Life and Care Deficiencies,0689,Ensure that a nursing home area is free from accident hazards and provides adequate supervision to prevent accidents.,E,"Deficient, Provider has date of correction",2025-05-09,2,N,Y,N,N,N,"308 E THIRD ST,LIBBY,MT,59923",2026-08-01
275040,LIBBY CARE CENTER,308 E THIRD ST,LIBBY,MT,59923,2025-03-27,Health,F,Resident Assessment and Care Planning Deficiencies,0658,Ensure services provided by the nursing facility meet professional standards of quality.,D,"Deficient, Provider has date of correction",2025-05-09,2,N,Y,N,N,N,"308 E THIRD ST,LIBBY,MT,59923",2026-08-01
275040,LIBBY CARE CENTER,308 E THIRD ST,LIBBY,MT,59923,2025-03-27,Health,F,Quality of Life and Care Deficiencies,0740,Ensure each resident must receive and the facility must provide necessary behavioral health care and services.,D,"Deficient, Provider has date of correction",2025-05-09,2,N,Y,N,N,N,"308 E THIRD ST,LIBBY,MT,59923",2026-08-01
275040,LIBBY CARE CENTER,308 E THIRD ST,LIBBY,MT,59923,2025-03-27,Health,F,Pharmacy Service Deficiencies,0755,Provide pharmaceutical services to meet the needs of each resident and employ or obtain the services of a licensed pharmacist.,D,"Deficient, Provider has date of correction",2025-05-09,2,N,Y,N,N,N,"308 E THIRD ST,LIBBY,MT,59923",2026-08-01
275040,LIBBY CARE CENTER,308 E THIRD ST,LIBBY,MT,59923,2024-08-15,Health,F,Resident Assessment and Care Planning Deficiencies,0655,Create and put into place a plan for meeting the resident's most immediate needs within 48 hours of being admitted,D,"Deficient, Provider has date of correction",2024-09-11,2,Y,N,N,N,N,"308 E THIRD ST,LIBBY,MT,59923",2026-08-01
275040,LIBBY CARE CENTER,308 E THIRD ST,LIBBY,MT,59923,2024-08-15,Health,F,Quality of Life and Care Deficiencies,0684,"Provide appropriate treatment and care according to orders, resident’s preferences and goals.",D,"Deficient, Provider has date of correction",2024-09-11,2,Y,N,N,N,N,"308 E THIRD ST,LIBBY,MT,59923",2026-08-01
275040,LIBBY CARE CENTER,308 E THIRD ST,LIBBY,MT,59923,2023-08-17,Health,F,"Freedom from Abuse, Neglect, and Exploitation Deficiencies",0600,"Protect each resident from all types of abuse such as physical, mental, sexual abuse, physical punishment, and neglect by anybody.",G,"Deficient, Provider has date of correction",2023-09-15,3,Y,Y,N,N,N,"308 E THIRD ST,LIBBY,MT,59923",2026-08-01
275040,LIBBY CARE CENTER,308 E THIRD ST,LIBBY,MT,59923,2023-08-17,Health,F,Quality of Life and Care Deficiencies,0689,Ensure that a nursing home area is free from accident hazards and provides adequate supervision to prevent accidents.,G,"Deficient, Provider has date of correction",2023-09-15,3,Y,Y,N,N,N,"308 E THIRD ST,LIBBY,MT,59923",2026-08-01
275040,LIBBY CARE CENTER,308 E THIRD ST,LIBBY,MT,59923,2023-08-17,Health,F,Resident Rights Deficiencies,0550,"Honor the resident's right to a dignified existence, self-determination, communication, and to exercise his or her rights.",D,"Deficient, Provider has date of correction",2023-09-15,3,Y,N,N,N,N,"308 E THIRD ST,LIBBY,MT,59923",2026-08-01
275040,LIBBY CARE CENTER,308 E THIRD ST,LIBBY,MT,59923,2023-08-17,Health,F,Resident Rights Deficiencies,0551,Give the resident's representative the ability to exercise the resident's rights.,D,"Deficient, Provider has date of correction",2023-09-15,3,Y,Y,N,N,N,"308 E THIRD ST,LIBBY,MT,59923",2026-08-01
275040,LIBBY CARE CENTER,308 E THIRD ST,LIBBY,MT,59923,2023-08-17,Health,F,Resident Rights Deficiencies,0623,"Provide timely notification to the resident, and if applicable to the resident representative and ombudsman, before transfer or discharge, including appeal rights.",D,"Deficient, Provider has date of correction",2023-09-15,3,Y,Y,N,N,N,"308 E THIRD ST,LIBBY,MT,59923",2026-08-01
275040,LIBBY CARE CENTER,308 E THIRD ST,LIBBY,MT,59923,2023-08-17,Health,F,Resident Assessment and Care Planning Deficiencies,0658,Ensure services provided by the nursing facility meet professional standards of quality.,D,"Deficient, Provider has date of correction",2023-09-15,3,Y,Y,N,N,N,"308 E THIRD ST,LIBBY,MT,59923",2026-08-01
275040,LIBBY CARE CENTER,308 E THIRD ST,LIBBY,MT,59923,2023-08-17,Health,F,Resident Assessment and Care Planning Deficiencies,0660,Plan the resident's discharge to meet the resident's goals and needs.,D,"Deficient, Provider has date of correction",2023-09-15,3,Y,Y,N,N,N,"308 E THIRD ST,LIBBY,MT,59923",2026-08-01
275040,LIBBY CARE CENTER,308 E THIRD ST,LIBBY,MT,59923,2023-08-17,Health,F,Infection Control Deficiencies,0881,Implement a program that monitors antibiotic use.,D,"Deficient, Provider has date of correction",2023-09-15,3,Y,N,N,N,N,"308 E THIRD ST,LIBBY,MT,59923",2026-08-01
275043,VILLAGE HEALTH & REHABILITATION,2651 SOUTH AVE W,MISSOULA,MT,59804,2025-11-19,Health,F,"Freedom from Abuse, Neglect, and Exploitation Deficiencies",0609,"Timely report suspected abuse, neglect, or theft and report the results of the investigation to proper authorities.",D,"Deficient, Provider has date of correction",2025-12-09,1,N,Y,N,N,N,"2651 SOUTH AVE W,MISSOULA,MT,59804",2026-08-01
275043,VILLAGE HEALTH & REHABILITATION,2651 SOUTH AVE W,MISSOULA,MT,59804,2025-08-28,Health,F,Quality of Life and Care Deficiencies,0689,Ensure that a nursing home area is free from accident hazards and provides adequate supervision to prevent accidents.,G,"Deficient, Provider has date of correction",2025-09-23,1,N,Y,N,N,N,"2651 SOUTH AVE W,MISSOULA,MT,59804",2026-08-01
275043,VILLAGE HEALTH & REHABILITATION,2651 SOUTH AVE W,MISSOULA,MT,59804,2025-08-28,Health,F,Nutrition and Dietary Deficiencies,0812,"Procure food from sources approved or considered satisfactory and store, prepare, distribute and serve food in accordance with professional standards.",F,"Deficient, Provider has date of correction",2025-09-23,1,Y,N,N,N,N,"2651 SOUTH AVE W,MISSOULA,MT,59804",2026-08-01
275043,VILLAGE HEALTH & REHABILITATION,2651 SOUTH AVE W,MISSOULA,MT,59804,2025-08-28,Health,F,Resident Rights Deficiencies,0580,"Immediately tell the resident, the resident's doctor, and a family member of situations (injury/decline/room, etc.)  that affect the resident.",D,"Deficient, Provider has date of correction",2025-09-23,1,N,Y,N,N,N,"2651 SOUTH AVE W,MISSOULA,MT,59804",2026-08-01
275043,VILLAGE HEALTH & REHABILITATION,2651 SOUTH AVE W,MISSOULA,MT,59804,2025-08-28,Health,F,"Freedom from Abuse, Neglect, and Exploitation Deficiencies",0609,"Timely report suspected abuse, neglect, or theft and report the results of the investigation to proper authorities.",D,"Deficient, Provider has date of correction",2025-09-23,1,N,Y,N,N,N,"2651 SOUTH AVE W,MISSOULA,MT,59804",2026-08-01
275043,VILLAGE HEALTH & REHABILITATION,2651 SOUTH AVE W,MISSOULA,MT,59804,2025-08-28,Health,F,Nursing and Physician Services Deficiencies,0726,Ensure that nurses and nurse aides have the appropriate competencies to care for every resident in a way that maximizes each resident's well being.,D,"Deficient, Provider has date of correction",2025-09-23,1,Y,N,N,N,N,"2651 SOUTH AVE W,MISSOULA,MT,59804",2026-08-01
275043,VILLAGE HEALTH & REHABILITATION,2651 SOUTH AVE W,MISSOULA,MT,59804,2025-08-28,Health,F,Nutrition and Dietary Deficiencies,0808,"Ensure therapeutic diets are prescribed by the attending physician and may be delegated to a registered or licensed dietitian, to the extent allowed by State law.",D,"Deficient, Provider has date of correction",2025-09-23,1,Y,N,N,N,N,"2651 SOUTH AVE W,MISSOULA,MT,59804",2026-08-01
